Channel Number,Receive Frequency,Transmit Frequency,Offset Frequency,Offset Direction,Operating Mode,Name,Tone Mode,CTCSS,DCS,DCS Polarity,Tx Power,Skip,Step,Attenuator,Clock Shift,Half Dev,Vibrator,Fav,SYDCBD,VK2Sth,VK2Nth,VK2West,WICEN,MELCBD,VK3,VK4SE,VK4,VK5-8,VK6,VK7,APRS,Test,BANK16,BANK17,BANK18,BANK19,BANK20,BANK21,BANK22,Marine Fav,Marine,Comment,User CTCSS,S-Meter Squelch,Bell,
1,438.1125,432.7125,5.400 MHz,MINUS,FM,VK2ROZ 7 - Sydne,T Sql,91.5,,,5,,,,,,1,1,1,,,,,,,,,,,,,,,,,,,,,,,VK2ROZ 7 - Sydney CBD,,,
2,438.1125,432.7125,5.400 MHz,MINUS,DV,VK2ROZ 4 SydC47 ,T Sql,91.5,,,3,,,,,,1,1,1,,,,,,,,,,,,,,,,,,,,,,,VK2ROZ 4 SydC47 Sydney,,,
3,147.0250,147.6250,0.600 MHz,PLUS,FM,VK2ROT 2 Paddo P,T Sql,91.5,,,5,,,,,,1,1,1,,,,,,,,,,,,,,,,,,,,,,,VK2ROT 2 Paddo Paddington,,,
4,438.5750,433.5750,5.000 MHz,MINUS,FM,VK2ROT 7 Paddo P,T Sql,91.5,,,5,,,,,,1,1,1,,,,,,,,,,,,,,,,,,,,,,,VK2ROT 7 Paddo Paddington,,,
5,439.8000,434.8000,5.000 MHz,MINUS,FM,VK2RCG 7 - Sydne,T Sql,91.5,,,5,,,,,,1,1,1,,,,,,,,,,,,,,,,,,,,,,,VK2RCG 7 - Sydney,,,
6,438.4500,433.4500,5.000 MHz,MINUS,FM,VK2RCF 7 - Carli,T Sql,91.5,,,5,,,,,,1,1,1,,,,,,,,,,,,,,,,,,,,,,,VK2RCF 7 - Carlingford,,,
7,147.0000,146.4000,0.600 MHz,MINUS,FM,VK2RWI 2 Dural D,None,-,,,5,,,,,,1,1,1,,,,,,,,,,,,,,,,,,,,,,,VK2RWI 2 Dural Dural,,,
8,438.5250,433.5250,5.000 MHz,MINUS,FM,VK2RWI 7 Dural D,None,-,,,5,,,,,,1,1,1,,,,,,,,,,,,,,,,,,,,,,,VK2RWI 7 Dural Dural,,,
9,438.6000,433.6000,5.000 MHz,MINUS,FM,VK2RWIA7 Dural1 ,None,-,,,5,,,,,,1,1,1,,,,,,,,,,,,,,,,,,,,,,,VK2RWIA7 Dural1 Dural,,,
10,439.9000,434.9000,5.000 MHz,MINUS,FM,VK2RWIB7 Dural2 ,None,-,,,5,,,,,,1,1,1,,,,,,,,,,,,,,,,,,,,,,,VK2RWIB7 Dural2 Dural,,,
11,146.8500,146.2500,0.600 MHz,MINUS,FM,VK2RMP 2 Maddns ,None,-,,,5,,,,,,1,1,1,,,,,,,,,,,,,,,,,,,,,,,VK2RMP 2 Maddns Maddens Plains,,,
12,438.7250,433.7250,5.000 MHz,MINUS,FM,VK2RMP 7 Maddns ,T Sql,123,,,5,,,,,,1,1,1,,,,,,,,,,,,,,,,,,,,,,,VK2RMP 7 Maddns Maddens Plains,,,
13,147.0500,147.6500,0.600 MHz,PLUS,FM,VK2RBM 2 Lawsn1 ,T Sql,123,,,5,,,,,,1,1,,,1,,,,,,,,,,,,,,,,,,,,,VK2RBM 2 Lawsn1 Lawson,,,
14,438.3750,433.3750,5.000 MHz,MINUS,FM,VK2RBM 7 Lawsn1 ,T Sql,123,,,5,,,,,,1,1,,,1,,,,,,,,,,,,,,,,,,,,,VK2RBM 7 Lawsn1 Lawson,,,
15,146.7250,146.1250,0.600 MHz,MINUS,FM,VK2RAG 2 Someb S,T Sql,91.5,,,5,,,,,,,,1,,,,,,,,,,,,,,,,,,,,,,,VK2RAG 2 Someb Somersby,,,
16,147.1250,147.7250,0.600 MHz,PLUS,FM,VK2RAGA2 Someb1 ,T Sql,91.5,,,5,,,,,,,,1,,,,,,,,,,,,,,,,,,,,,,,VK2RAGA2 Someb1 Somersby,,,
17,147.0750,147.6750,0.600 MHz,PLUS,FM,VK2RCZ 2 Lalor L,T Sql,123,,,5,,,,,,,,1,,,,,,,,,,,,,,,,,,,,,,,VK2RCZ 2 Lalor Lalor Park,,,
18,146.9250,146.3250,0.600 MHz,MINUS,FM,VK2RGR 2 NRyde N,None,-,,,5,,,,,,,,1,,,,,,,,,,,,,,,,,,,,,,,VK2RGR 2 NRyde North Ryde,,,
19,146.8000,146.2000,0.600 MHz,MINUS,FM,VK2RLE 2 HCote E,None,-,,,5,,,,,,,,1,,,,,,,,,,,,,,,,,,,,,,,VK2RLE 2 HCote Engadine,,,
20,146.8750,146.2750,0.600 MHz,MINUS,FM,VK2RMB 2 THills ,None,-,,,5,,,,,,,,1,,,,,,,,,,,,,,,,,,,,,,,VK2RMB 2 THills Terrey Hills,,,
21,147.2500,147.8500,0.600 MHz,PLUS,FM,VK2RNS 2 Asqith ,None,-,,,5,,,,,,,,1,,,,,,,,,,,,,,,,,,,,,,,VK2RNS 2 Asqith Asquith,,,
22,147.2750,147.8750,0.600 MHz,PLUS,FM,VK2RRR 2 Razor R,None,-,,,5,,,,,,,,1,,,,,,,,,,,,,,,,,,,,,,,VK2RRR 2 Razor Razorback Range,,,
23,147.2250,147.8250,0.600 MHz,PLUS,FM,VK2RST 2 Lewshm ,None,-,,,5,,,,,,,,1,,,,,,,,,,,,,,,,,,,,,,,VK2RST 2 Lewshm Lewisham,,,
24,147.1500,147.7500,0.600 MHz,PLUS,FM,VK2RWC 2 Chats1 ,T Sql,91.5,,,5,,,,,,,,1,,,,,,,,,,,,,,,,,,,,,,,VK2RWC 2 Chats1 Chatswood,,,
25,147.1750,147.7750,0.600 MHz,PLUS,FM,VK2RWS 2 - porta,None,-,,,5,,,,,,,,1,,,,,,,,,,,,,,,,,,,,,,,VK2RWS 2 - portable,,,
26,438.0750,433.0750,5.000 MHz,MINUS,FM,VK2RAG 7 Someb S,T Sql,91.5,,,5,,,,,,,,1,,,,,,,,,,,,,,,,,,,,,,,VK2RAG 7 Someb Somersby,,,
27,439.5250,434.5250,5.000 MHz,MINUS,FM,VK2RAGA7 Someb1 ,T Sql,91.5,,,5,,,,,,,,1,,,,,,,,,,,,,,,,,,,,,,,VK2RAGA7 Someb1 Somersby,,,
28,439.7250,434.7250,5.000 MHz,MINUS,FM,VK2RAGB7 Someb2 ,T Sql,91.5,,,5,,,,,,,,1,,,,,,,,,,,,,,,,,,,,,,,VK2RAGB7 Someb2 Somersby,,,
29,439.9500,434.9500,5.000 MHz,MINUS,FM,VK2RAGC7 Someb3 ,T Sql,91.5,,,5,,,,,,,,1,,,,,,,,,,,,,,,,,,,,,,,VK2RAGC7 Someb3 Somersby,,,
30,438.6500,433.6500,5.000 MHz,MINUS,FM,VK2RCT 7 - Campb,T Sql,91.5,,,5,,,,,,,,1,,,,,,,,,,,,,,,,,,,,,,,VK2RCT 7 - Campbelltown,,,
31,439.4250,434.4250,5.000 MHz,MINUS,FM,VK2RCZ 7 Lalor L,None,-,,,5,,,,,,,,1,,,,,,,,,,,,,,,,,,,,,,,VK2RCZ 7 Lalor Lalor Park,,,
32,438.6500,433.6500,5.000 MHz,MINUS,FM,VK2RDC 7 - Woy W,T Sql,91.5,,,5,,,,,,,,1,,,,,,,,,,,,,,,,,,,,,,,VK2RDC 7 - Woy Woy,,,
33,439.4750,434.4750,5.000 MHz,MINUS,FM,VK2RGW 7 - Glenw,None,-,,,5,,,,,,,,1,,,,,,,,,,,,,,,,,,,,,,,VK2RGW 7 - Glenwood,,,
34,438.5500,433.5500,5.000 MHz,MINUS,FM,VK2RHC 7 - Hurst,T Sql,91.5,,,5,,,,,,,,1,,,,,,,,,,,,,,,,,,,,,,,VK2RHC 7 - Hurstville,,,
35,439.7500,434.7500,5.000 MHz,MINUS,FM,VK2RHP 7 - Horsl,None,-,,,5,,,,,,,,1,,,,,,,,,,,,,,,,,,,,,,,VK2RHP 7 - Horsley Park,,,
36,438.3500,432.9500,5.400 MHz,MINUS,FM,VK2RHT 7 Chats C,T Sql,91.5,,,5,,,,,,,,1,,,,,,,,,,,,,,,,,,,,,,,VK2RHT 7 Chats Chatswood,,,
37,438.4250,433.4250,5.000 MHz,MINUS,FM,VK2RLE 7 HCote E,None,-,,,5,,,,,,,,1,,,,,,,,,,,,,,,,,,,,,,,VK2RLE 7 HCote Engadine,,,
38,438.1750,433.1750,5.000 MHz,MINUS,FM,VK2RMB 7 THills ,T Sql,91.5,,,5,,,,,,,,1,,,,,,,,,,,,,,,,,,,,,,,VK2RMB 7 THills Terrey Hills,,,
39,439.5750,434.5750,5.000 MHz,MINUS,FM,VK2RMR 7 - Mt Ri,T Sql,123,,,5,,,,,,,,1,,,,,,,,,,,,,,,,,,,,,,,VK2RMR 7 - Mt Riverview,,,
40,439.8500,434.8500,5.000 MHz,MINUS,FM,VK2RNG 7 Werri W,None,-,,,5,,,,,,,,1,,,,,,,,,,,,,,,,,,,,,,,VK2RNG 7 Werri Werrington,,,
41,439.9750,434.9750,5.000 MHz,MINUS,FM,VK2RNS 7 Asqith ,None,-,,,5,,,,,,,,1,,,,,,,,,,,,,,,,,,,,,,,VK2RNS 7 Asqith Hornsby,,,
42,439.9250,434.9250,5.000 MHz,MINUS,FM,VK2RON 7 - Artar,None,-,,,5,,,,,,,,1,,,,,,,,,,,,,,,,,,,,,,,VK2RON 7 - Artarmon,,,
43,439.6000,434.6000,5.000 MHz,MINUS,FM,VK2RRR 7 Razor R,T Sql,91.5,,,5,,,,,,,,1,,,,,,,,,,,,,,,,,,,,,,,VK2RRR 7 Razor Razorback,,,
44,438.4750,433.4750,5.000 MHz,MINUS,FM,VK2RRS 7 - Lewis,None,-,,,5,,,,,,,,1,,,,,,,,,,,,,,,,,,,,,,,VK2RRS 7 - Lewisham,,,
45,438.1000,433.1000,5.000 MHz,MINUS,FM,VK2RRW 7 - North,None,-,,,5,,,,,,,,1,,,,,,,,,,,,,,,,,,,,,,,VK2RRW 7 - North Ryde,,,
46,439.3250,434.3250,5.000 MHz,MINUS,FM,VK2RSV 7 - Sans ,T Sql,91.5,,,5,,,,,,,,1,,,,,,,,,,,,,,,,,,,,,,,VK2RSV 7 - Sans Souci,,,
47,439.7750,434.7750,5.000 MHz,MINUS,FM,VK2RSW 7 - Blaxl,None,-,,,5,,,,,,,,1,,,,,,,,,,,,,,,,,,,,,,,VK2RSW 7 - Blaxland,,,
48,439.3000,434.3000,5.000 MHz,MINUS,FM,VK2RTG 7 - Kario,None,-,,,5,,,,,,,,1,,,,,,,,,,,,,,,,,,,,,,,VK2RTG 7 - Kariong,,,
49,438.2750,432.8750,5.400 MHz,MINUS,FM,VK2RWS 7 - Berow,T Sql,91.5,,,5,,,,,,,,1,,,,,,,,,,,,,,,,,,,,,,,VK2RWS 7 - Berowra North,,,
50,146.9250,146.3250,0.600 MHz,MINUS,FM,VK1RJB 2 Jervis ,None,-,,,5,,,,,,,,,1,,,,,,,,,,,,,,,,,,,,,,VK1RJB 2 Jervis Jervis Bay,,,
51,147.2500,147.8500,0.600 MHz,PLUS,FM,VK2RHH 2 Nimtbl ,None,-,,,5,,,,,,,,,1,,,,,,,,,,,,,,,,,,,,,,VK2RHH 2 Nimtbl Nimmitabel,,,
52,146.8250,146.2250,0.600 MHz,MINUS,FM,VK2RHR 2 HRange ,None,-,,,5,,,,,,,,,1,,,,,,,,,,,,,,,,,,,,,,VK2RHR 2 HRange High Range,,,
53,146.7000,146.1000,0.600 MHz,MINUS,FM,VK2RMU 2 NowraH ,T Sql,123,,,5,,,,,,,,,1,,,,,,,,,,,,,,,,,,,,,,VK2RMU 2 NowraH Nowra Hill,,,
54,147.0750,147.6750,0.600 MHz,PLUS,FM,VK2RMW 2 Wandra ,None,-,,,5,,,,,,,,,1,,,,,,,,,,,,,,,,,,,,,,VK2RMW 2 Wandra Mt Wandera,,,
55,147.1000,147.7000,0.600 MHz,PLUS,FM,VK2RSH 2 SHigh S,None,-,,,5,,,,,,,,,1,,,,,,,,,,,,,,,,,,,,,,VK2RSH 2 SHigh Southern Highlands,,,
56,146.8250,146.2250,0.600 MHz,MINUS,FM,VK2RWP 2 WolumP ,None,-,,,5,,,,,,,,,1,,,,,,,,,,,,,,,,,,,,,,VK2RWP 2 WolumP Wolumla Peak,,,
57,438.0250,433.0250,5.000 MHz,MINUS,FM,VK2RHR 7 HRange ,None,-,,,5,,,,,,,,,1,,,,,,,,,,,,,,,,,,,,,,VK2RHR 7 HRange High Range,,,
58,438.3000,433.3000,5.000 MHz,MINUS,FM,VK2RIW 7 - Kiama,None,-,,,5,,,,,,,,,1,,,,,,,,,,,,,,,,,,,,,,VK2RIW 7 - Kiama,,,
59,438.1250,433.1250,5.000 MHz,MINUS,FM,VK2RMU 7 NowraH ,T Sql,123,,,5,,,,,,,,,1,,,,,,,,,,,,,,,,,,,,,,VK2RMU 7 NowraH Nowra Hill,,,
60,439.3750,434.3750,5.000 MHz,MINUS,FM,VK2RSH 7 - Alpin,None,-,,,5,,,,,,,,,1,,,,,,,,,,,,,,,,,,,,,,VK2RSH 7 - Alpine,,,
61,439.9000,434.9000,5.000 MHz,MINUS,FM,VK2RWP 7 WolumP ,None,-,,,5,,,,,,,,,1,,,,,,,,,,,,,,,,,,,,,,VK2RWP 7 WolumP Wolumla Peak,,,
62,146.6250,146.0250,0.600 MHz,MINUS,FM,VK2RBB 2 Byron G,T Sql,123,,,5,,,,,,,,,,1,,,,,,,,,,,,,,,,,,,,,VK2RBB 2 Byron Goonengerry,,,
63,147.3500,147.9500,0.600 MHz,PLUS,FM,VK2RBO 2 Coorb C,None,-,,,5,,,,,,,,,,1,,,,,,,,,,,,,,,,,,,,,VK2RBO 2 Coorb Cooranbong,,,
64,146.7500,146.1500,0.600 MHz,MINUS,FM,VK2RCB 2 FranLO ,T Sql,123,,,5,,,,,,,,,,1,,,,,,,,,,,,,,,,,,,,,VK2RCB 2 FranLO Francis Lookout,,,
65,146.8500,146.2500,0.600 MHz,MINUS,FM,VK2RCH 2 Bruxnr ,None,-,,,5,,,,,,,,,,1,,,,,,,,,,,,,,,,,,,,,VK2RCH 2 Bruxnr Mt Coramba,,,
66,147.0000,146.4000,0.600 MHz,MINUS,FM,VK2RCN 2 TelePt ,None,-,,,5,,,,,,,,,,1,,,,,,,,,,,,,,,,,,,,,VK2RCN 2 TelePt Telegraph Point,,,
67,146.6750,146.0750,0.600 MHz,MINUS,FM,VK2RCV 2 Graft G,T Sql,123,,,5,,,,,,,,,,1,,,,,,,,,,,,,,,,,,,,,VK2RCV 2 Graft Grafton,,,
68,146.6500,146.0500,0.600 MHz,MINUS,FM,VK2RDO 2 Dorrig ,None,-,,,5,,,,,,,,,,1,,,,,,,,,,,,,,,,,,,,,VK2RDO 2 Dorrig Dorrigo Plateau,,,
69,146.6750,146.0750,0.600 MHz,MINUS,FM,VK2REE 2 - Mount,T Sql,123,,,5,,,,,,,,,,1,,,,,,,,,,,,,,,,,,,,,VK2REE 2 - Mount Ganghat,,,
70,147.2500,147.8500,0.600 MHz,PLUS,FM,VK2REH 2 Woodbn ,T Sql,123,,,5,,,,,,,,,,1,,,,,,,,,,,,,,,,,,,,,VK2REH 2 Woodbn Moonimba,,,
71,147.1000,147.7000,0.600 MHz,PLUS,FM,VK2RGL 2 CbTree ,None,-,,,5,,,,,,,,,,1,,,,,,,,,,,,,,,,,,,,,VK2RGL 2 CbTree Cabbage Tree Mtn,,,
72,147.2000,147.8000,0.600 MHz,PLUS,FM,VK2RGLA2 CbTree ,None,-,,,5,,,,,,,,,,1,,,,,,,,,,,,,,,,,,,,,VK2RGLA2 CbTree Cabbage Tree Mtn,,,
73,146.8750,146.2750,0.600 MHz,MINUS,FM,VK2RMY 2 YarahP ,None,-,,,5,,,,,,,,,,1,,,,,,,,,,,,,,,,,,,,,VK2RMY 2 YarahP Mt Yarrahapinni,,,
74,146.9000,146.3000,0.600 MHz,MINUS,FM,VK2RNC 2 SgarL M,None,-,,,5,,,,,,,,,,1,,,,,,,,,,,,,,,,,,,,,VK2RNC 2 SgarL Mt Sugarloaf,,,
75,146.9750,146.3750,0.600 MHz,MINUS,FM,VK2RNCA2 SgarL1 ,None,-,,,5,,,,,,,,,,1,,,,,,,,,,,,,,,,,,,,,VK2RNCA2 SgarL1 Mt Sugarloaf,,,
76,146.7000,146.1000,0.600 MHz,MINUS,FM,VK2RPM 2 MdlBro ,T Sql,91.5,,,5,,,,,,,,,,1,,,,,,,,,,,,,,,,,,,,,VK2RPM 2 MdlBro Middle Brother,,,
77,146.8000,146.2000,0.600 MHz,MINUS,FM,VK2RSC 2 Lismor ,T Sql,123,,,5,,,,,,,,,,1,,,,,,,,,,,,,,,,,,,,,VK2RSC 2 Lismor Parrots Nest,,,
78,147.1250,147.7250,0.600 MHz,PLUS,FM,VK2RSR 2 Scadns ,None,-,,,5,,,,,,,,,,1,,,,,,,,,,,,,,,,,,,,,VK2RSR 2 Scadns Scaddens Ridge,,,
79,147.3250,147.9250,0.600 MHz,PLUS,FM,VK2RTS 2 Lawsn2 ,None,-,,,5,,,,,,,,,,1,,,,,,,,,,,,,,,,,,,,,VK2RTS 2 Lawsn2 Lawson,,,
80,146.7750,146.1750,0.600 MHz,MINUS,FM,VK2RTZ 2 SugarL ,None,-,,,5,,,,,,,,,,1,,,,,,,,,,,,,,,,,,,,,VK2RTZ 2 SugarL Mt Sugarloaf,,,
81,147.1500,147.7500,0.600 MHz,PLUS,FM,VK2RWH 2 Nwcsle ,None,-,,,5,,,,,,,,,,1,,,,,,,,,,,,,,,,,,,,,VK2RWH 2 Nwcsle Newcastle,,,
82,147.1500,147.7500,0.600 MHz,PLUS,FM,VK2RWK 2 KurraJ ,None,-,,,5,,,,,,,,,,1,,,,,,,,,,,,,,,,,,,,,VK2RWK 2 KurraJ Kurrajong Heights,,,
83,147.0750,147.6750,0.600 MHz,PLUS,FM,VK2RWR 2 Moona M,None,-,,,5,,,,,,,,,,1,,,,,,,,,,,,,,,,,,,,,VK2RWR 2 Moona Moona Trig,,,
84,439.2750,434.2750,5.000 MHz,MINUS,FM,VK2RAI 7 - Boora,None,-,,,5,,,,,,,,,,1,,,,,,,,,,,,,,,,,,,,,VK2RAI 7 - Booral,,,
85,438.4250,433.4250,5.000 MHz,MINUS,FM,VK2RCN 7 TelePt ,T Sql,123,,,5,,,,,,,,,,1,,,,,,,,,,,,,,,,,,,,,VK2RCN 7 TelePt Telegraph Point,,,
86,438.3250,433.3250,5.000 MHz,MINUS,FM,VK2REE 7 - Mt Ga,None,-,,,5,,,,,,,,,,1,,,,,,,,,,,,,,,,,,,,,VK2REE 7 - Mt Ganghat,,,
87,438.1250,433.1250,5.000 MHz,MINUS,FM,VK2RHK 7 - Wyee,None,-,,,5,,,,,,,,,,1,,,,,,,,,,,,,,,,,,,,,VK2RHK 7 - Wyee,,,
88,438.1250,433.1250,5.000 MHz,MINUS,FM,VK2RMG 7 - Bruxn,T Sql,123,,,5,,,,,,,,,,1,,,,,,,,,,,,,,,,,,,,,VK2RMG 7 - Bruxner Park,,,
89,438.0750,433.0750,5.000 MHz,MINUS,FM,VK2RMY 7 YarahP ,None,-,,,5,,,,,,,,,,1,,,,,,,,,,,,,,,,,,,,,VK2RMY 7 YarahP Mt Yarrahapinni,,,
90,438.0250,433.0250,5.000 MHz,MINUS,FM,VK2RNC 7 SgarL M,None,-,,,5,,,,,,,,,,1,,,,,,,,,,,,,,,,,,,,,VK2RNC 7 SgarL Mt Sugarloaf,,,
91,438.6750,433.6750,5.000 MHz,MINUS,FM,VK2RNCA7 SgarL1 ,None,-,,,5,,,,,,,,,,1,,,,,,,,,,,,,,,,,,,,,VK2RNCA7 SgarL1 Mt Sugarloaf,,,
92,439.7000,434.7000,5.000 MHz,MINUS,FM,VK2ROJ 7 - Bolwa,T Sql,91.5,,,5,,,,,,,,,,1,,,,,,,,,,,,,,,,,,,,,VK2ROJ 7 - Bolwarra Heights,,,
93,438.6750,433.6750,5.000 MHz,MINUS,FM,VK2RPL 7 Nardi M,T Sql,123,,,5,,,,,,,,,,1,,,,,,,,,,,,,,,,,,,,,VK2RPL 7 Nardi Mt Nardi,,,
94,438.5250,433.5250,5.000 MHz,MINUS,FM,VK2RPM 7 MdlBro ,T Sql,123,,,5,,,,,,,,,,1,,,,,,,,,,,,,,,,,,,,,VK2RPM 7 MdlBro Middle Brother,,,
95,439.9500,434.9500,5.000 MHz,MINUS,FM,VK2RSC 7 Lismor ,T Sql,123,,,5,,,,,,,,,,1,,,,,,,,,,,,,,,,,,,,,VK2RSC 7 Lismor Parrots Nest,,,
96,438.6250,433.6250,5.000 MHz,MINUS,FM,VK2RUM 7 - Merew,None,-,,,5,,,,,,,,,,1,,,,,,,,,,,,,,,,,,,,,VK2RUM 7 - Merewether,,,
97,439.6250,434.6250,5.000 MHz,MINUS,FM,VK2RWH 7 Nwcsle ,None,-,,,5,,,,,,,,,,1,,,,,,,,,,,,,,,,,,,,,VK2RWH 7 Nwcsle Newcastle,,,
98,439.8250,434.8250,5.000 MHz,MINUS,FM,VK2RWK 7 KurraJ ,T Sql,91.5,,,5,,,,,,,,,,1,,,,,,,,,,,,,,,,,,,,,VK2RWK 7 KurraJ Kurrajong,,,
99,146.9000,146.3000,0.600 MHz,MINUS,FM,VK1RAC 2 Tidbin ,None,-,,,5,,,,,,,,,,,1,,,,,,,,,,,,,,,,,,,,VK1RAC 2 Tidbin Tidbinbilla,,,
100,147.1750,147.7750,0.600 MHz,PLUS,FM,VK1RBH 2 BullsH ,None,-,,,5,,,,,,,,,,,1,,,,,,,,,,,,,,,,,,,,VK1RBH 2 BullsH Bulls Head,,,
101,146.7250,146.1250,0.600 MHz,MINUS,FM,VK1RBM 2 Issacs ,T Sql,91.5,,,5,,,,,,,,,,,1,,,,,,,,,,,,,,,,,,,,VK1RBM 2 Issacs Isaacs Ridge,,,
102,146.9500,146.3500,0.600 MHz,MINUS,FM,VK1RGI 2 Ginini ,T Sql,91.5,,,5,,,,,,,,,,,1,,,,,,,,,,,,,,,,,,,,VK1RGI 2 Ginini Mt Ginini,,,
103,146.7250,146.1250,0.600 MHz,MINUS,FM,VK2RAD 2 SHill S,None,-,,,5,,,,,,,,,,,1,,,,,,,,,,,,,,,,,,,,VK2RAD 2 SHill South Hill,,,
104,146.7000,146.1000,0.600 MHz,MINUS,FM,VK2RAO 2 Cbolas ,T Sql,91.5,,,5,,,,,,,,,,,1,,,,,,,,,,,,,,,,,,,,VK2RAO 2 Cbolas Mt Canobolas,,,
105,147.2750,147.8750,0.600 MHz,PLUS,FM,VK2RAP 2 AcacPl ,None,-,,,5,,,,,,,,,,,1,,,,,,,,,,,,,,,,,,,,VK2RAP 2 AcacPl Acacia Plateau,,,
106,147.2250,147.8250,0.600 MHz,PLUS,FM,VK2RAY 2 Albury ,None,-,,,5,,,,,,,,,,,1,,,,,,,,,,,,,,,,,,,,VK2RAY 2 Albury Albury,,,
107,146.7750,146.1750,0.600 MHz,MINUS,FM,VK2RBE 2 Bethun ,T Sql,91.5,,,5,,,,,,,,,,,1,,,,,,,,,,,,,,,,,,,,VK2RBE 2 Bethun Mt Bethungra,,,
108,147.0000,146.4000,0.600 MHz,MINUS,FM,VK2RBH 2 Darlng ,None,-,,,5,,,,,,,,,,,1,,,,,,,,,,,,,,,,,,,,VK2RBH 2 Darlng Mt Darling,,,
109,146.7750,146.1750,0.600 MHz,MINUS,FM,VK2RBK 2 NomTop ,None,-,,,5,,,,,,,,,,,1,,,,,,,,,,,,,,,,,,,,VK2RBK 2 NomTop Noumea Tops,,,
110,146.7250,146.1250,0.600 MHz,MINUS,FM,VK2RBL 2 Balran ,None,-,,,5,,,,,,,,,,,1,,,,,,,,,,,,,,,,,,,,VK2RBL 2 Balran Balranald,,,
111,146.7750,146.1750,0.600 MHz,MINUS,FM,VK2RBR 2 Tabulm ,None,-,,,5,,,,,,,,,,,1,,,,,,,,,,,,,,,,,,,,VK2RBR 2 Tabulm Tabulam,,,
112,146.8000,146.2000,0.600 MHz,MINUS,FM,VK2RCC 2 NeedlMn,None,-,,,5,,,,,,,,,,,1,,,,,,,,,,,,,,,,,,,,VK2RCC 2 NeedlMn Needle Mountain,,,
113,146.7250,146.1250,0.600 MHz,MINUS,FM,VK2RCD 2 BurroH ,None,-,,,5,,,,,,,,,,,1,,,,,,,,,,,,,,,,,,,,VK2RCD 2 BurroH Burroway Hill,,,
114,147.2000,147.8000,0.600 MHz,PLUS,FM,VK2RCW 2 Lindsy ,None,-,,,5,,,,,,,,,,,1,,,,,,,,,,,,,,,,,,,,VK2RCW 2 Lindsy Mt Lindsay,,,
115,146.6500,146.0500,0.600 MHz,MINUS,FM,VK2RDX 2 Bindo M,None,-,,,5,,,,,,,,,,,1,,,,,,,,,,,,,,,,,,,,VK2RDX 2 Bindo Mt Bindo,,,
116,146.8250,146.2250,0.600 MHz,MINUS,FM,VK2RGA 2 Galore ,T Sql,91.5,,,5,,,,,,,,,,,1,,,,,,,,,,,,,,,,,,,,VK2RGA 2 Galore Mt Galore,,,
117,146.8500,146.2500,0.600 MHz,MINUS,FM,VK2RGF 2 SqrNob ,T Sql,91.5,,,5,,,,,,,,,,,1,,,,,,,,,,,,,,,,,,,,VK2RGF 2 SqrNob Mt Square Knob,,,
118,146.6250,146.0250,0.600 MHz,MINUS,FM,VK2RGN 2 MtGray ,None,-,,,5,,,,,,,,,,,1,,,,,,,,,,,,,,,,,,,,VK2RGN 2 MtGray Mt Gray,,,
119,146.6750,146.0750,0.600 MHz,MINUS,FM,VK2RLH 2 SBark S,None,-,,,5,,,,,,,,,,,1,,,,,,,,,,,,,,,,,,,,VK2RLH 2 SBark Stringybark Hill,,,
120,146.8750,146.2750,0.600 MHz,MINUS,FM,VK2RLJ 2 Prishr ,None,-,,,5,,,,,,,,,,,1,,,,,,,,,,,,,,,,,,,,VK2RLJ 2 Prishr Back Perisher Mtn,,,
121,146.6500,146.0500,0.600 MHz,MINUS,FM,VK2RMI 2 THiHi T,None,-,,,5,,,,,,,,,,,1,,,,,,,,,,,,,,,,,,,,VK2RMI 2 THiHi Terry Hie Hie,,,
122,147.3750,147.9750,0.600 MHz,PLUS,FM,VK2RMM 2 McKen M,T Sql,123,,,5,,,,,,,,,,,1,,,,,,,,,,,,,,,,,,,,VK2RMM 2 McKen Mt MacKenzie,,,
123,146.8500,146.2500,0.600 MHz,MINUS,FM,VK2RMO 2 Baldwn ,None,-,,,5,,,,,,,,,,,1,,,,,,,,,,,,,,,,,,,,VK2RMO 2 Baldwn Mt Baldwin,,,
124,146.9500,146.3500,0.600 MHz,MINUS,FM,VK2RNE 2 Rumbee ,None,-,,,5,,,,,,,,,,,1,,,,,,,,,,,,,,,,,,,,VK2RNE 2 Rumbee Mt Rumbee,,,
125,146.6250,146.0250,0.600 MHz,MINUS,FM,VK2RNW 2 Kaput M,None,-,,,5,,,,,,,,,,,1,,,,,,,,,,,,,,,,,,,,VK2RNW 2 Kaput Mt Kaputar,,,
126,146.9000,146.3000,0.600 MHz,MINUS,FM,VK2RRT 2 Boona B,None,-,,,5,,,,,,,,,,,1,,,,,,,,,,,,,,,,,,,,VK2RRT 2 Boona Boona Mountain,,,
127,147.0250,147.6250,0.600 MHz,PLUS,FM,VK2RSM 2 TableT ,None,-,,,5,,,,,,,,,,,1,,,,,,,,,,,,,,,,,,,,VK2RSM 2 TableT Tabletop,,,
128,146.8000,146.2000,0.600 MHz,MINUS,FM,VK2RTD 2 Kendal ,T Sql,91.5,,,5,,,,,,,,,,,1,,,,,,,,,,,,,,,,,,,,VK2RTD 2 Kendal Mt Kendall,,,
129,146.7500,146.1500,0.600 MHz,MINUS,FM,VK2RTM 2 - Mt Cr,None,-,,,5,,,,,,,,,,,1,,,,,,,,,,,,,,,,,,,,VK2RTM 2 - Mt Crawney,,,
130,147.2000,147.8000,0.600 MHz,PLUS,FM,VK2RWB 2 GwynH G,T Sql,123,,,5,,,,,,,,,,,1,,,,,,,,,,,,,,,,,,,,VK2RWB 2 GwynH Gwynne Hill,,,
131,146.7500,146.1500,0.600 MHz,MINUS,FM,VK2RWG 2 WOF Whe,T Sql,91.5,,,5,,,,,,,,,,,1,,,,,,,,,,,,,,,,,,,,VK2RWG 2 WOF Wheel of Fortune,,,
132,147.1000,147.7000,0.600 MHz,PLUS,FM,VK2RWM 2 Warrad ,None,-,,,5,,,,,,,,,,,1,,,,,,,,,,,,,,,,,,,,VK2RWM 2 Warrad Mt Warraderry,,,
133,147.2250,147.8250,0.600 MHz,PLUS,FM,VK2RYL 2 BaldM B,None,-,,,5,,,,,,,,,,,1,,,,,,,,,,,,,,,,,,,,VK2RYL 2 BaldM Bald Mountain,,,
134,146.8750,146.2750,0.600 MHz,MINUS,FM,VK2RZL 2 Muswel ,T Sql,123,,,5,,,,,,,,,,,1,,,,,,,,,,,,,,,,,,,,VK2RZL 2 Muswel Mt Arthur,,,
135,439.9500,434.9500,5.000 MHz,MINUS,FM,VK1RBM 7 Issacs ,T Sql,91.5,,,5,,,,,,,,,,,1,,,,,,,,,,,,,,,,,,,,VK1RBM 7 Issacs Isaacs Ridge,,,
136,438.0500,433.0500,5.000 MHz,MINUS,FM,VK1RGI 7 Ginini ,T Sql,91.5,,,5,,,,,,,,,,,1,,,,,,,,,,,,,,,,,,,,VK1RGI 7 Ginini Mt Ginini,,,
137,438.4750,433.4750,5.000 MHz,MINUS,FM,VK2RAB 7 MtCraw ,None,-,,,5,,,,,,,,,,,1,,,,,,,,,,,,,,,,,,,,VK2RAB 7 MtCraw Mt Crawney,,,
138,438.6500,433.6500,5.000 MHz,MINUS,FM,VK2RAD 7 SHill S,None,-,,,5,,,,,,,,,,,1,,,,,,,,,,,,,,,,,,,,VK2RAD 7 SHill South Hill,,,
139,438.7250,433.7250,5.000 MHz,MINUS,FM,VK2RAO 7 Cbolas ,None,-,,,5,,,,,,,,,,,1,,,,,,,,,,,,,,,,,,,,VK2RAO 7 Cbolas Mt Canobolas,,,
140,438.5750,433.5750,5.000 MHz,MINUS,FM,VK2RAY 7 Albury ,None,-,,,5,,,,,,,,,,,1,,,,,,,,,,,,,,,,,,,,VK2RAY 7 Albury Albury,,,
141,439.9000,434.9000,5.000 MHz,MINUS,FM,VK2RBK 7 NomTop ,None,-,,,5,,,,,,,,,,,1,,,,,,,,,,,,,,,,,,,,VK2RBK 7 NomTop Noumea Tops,,,
142,439.3000,434.3000,5.000 MHz,MINUS,FM,VK2RCW 7 Lindsy ,None,-,,,5,,,,,,,,,,,1,,,,,,,,,,,,,,,,,,,,VK2RCW 7 Lindsy Mt Lindsay,,,
143,439.9500,434.9500,5.000 MHz,MINUS,FM,VK2RDD 7 - Burro,None,-,,,5,,,,,,,,,,,1,,,,,,,,,,,,,,,,,,,,VK2RDD 7 - Burroway Hill,,,
144,438.3250,433.3250,5.000 MHz,MINUS,FM,VK2RGN 7 MtGray ,None,-,,,5,,,,,,,,,,,1,,,,,,,,,,,,,,,,,,,,VK2RGN 7 MtGray Mt Gray,,,
145,438.6250,433.6250,5.000 MHz,MINUS,FM,VK2RGNA7 - Goulb,None,-,,,5,,,,,,,,,,,1,,,,,,,,,,,,,,,,,,,,VK2RGNA7 - Goulburn,,,
146,439.9500,434.9500,5.000 MHz,MINUS,FM,VK2RGNB7 MtGray ,None,-,,,5,,,,,,,,,,,1,,,,,,,,,,,,,,,,,,,,VK2RGNB7 MtGray Mt Gray,,,
147,439.8500,434.8500,5.000 MHz,MINUS,FM,VK2RLH 7 - Newbr,None,-,,,5,,,,,,,,,,,1,,,,,,,,,,,,,,,,,,,,VK2RLH 7 - Newbridge,,,
148,438.4500,433.4500,5.000 MHz,MINUS,FM,VK2RLJ 7 Prishr ,None,-,,,5,,,,,,,,,,,1,,,,,,,,,,,,,,,,,,,,VK2RLJ 7 Prishr Back Perisher Mtn,,,
149,438.5750,433.5750,5.000 MHz,MINUS,FM,VK2RNW 7 Kaput M,None,-,,,5,,,,,,,,,,,1,,,,,,,,,,,,,,,,,,,,VK2RNW 7 Kaput Mt Kaputar,,,
150,439.9000,434.9000,5.000 MHz,MINUS,FM,VK2RSM 7 TableT ,None,-,,,5,,,,,,,,,,,1,,,,,,,,,,,,,,,,,,,,VK2RSM 7 TableT Tabletop,,,
151,438.0250,433.0250,5.000 MHz,MINUS,FM,VK2RTW 7 - Willa,T Sql,91.5,,,5,,,,,,,,,,,1,,,,,,,,,,,,,,,,,,,,VK2RTW 7 - Willans Hill,,,
152,439.8000,434.8000,5.000 MHz,MINUS,FM,VK2RTWA7 - Wagga,T Sql,91.5,,,5,,,,,,,,,,,1,,,,,,,,,,,,,,,,,,,,VK2RTWA7 - Wagga Wagga,,,
153,439.6500,434.6500,5.000 MHz,MINUS,FM,VK2RWB 7 GwynH G,T Sql,123,,,5,,,,,,,,,,,1,,,,,,,,,,,,,,,,,,,,VK2RWB 7 GwynH Gwynne Hill,,,
154,438.3250,433.3250,5.000 MHz,MINUS,FM,VK2RWM 7 Warrad ,None,-,,,5,,,,,,,,,,,1,,,,,,,,,,,,,,,,,,,,VK2RWM 7 Warrad Mt Warraderry,,,
155,146.8250,146.2250,0.600 MHz,MINUS,FM,VK3RAJ 2 Upwey U,T Sql,94.8,,,5,,,,,,,,,,,,,1,,,,,,,,,,,,,,,,,,VK3RAJ 2 Upwey Upwey,,,
156,147.0750,147.6750,0.600 MHz,PLUS,FM,VK3RCR 2 Dande M,None,-,,,5,,,,,,,,,,,,,1,,,,,,,,,,,,,,,,,,VK3RCR 2 Dande Mt Dandenong,,,
157,147.1750,147.7750,0.600 MHz,PLUS,FM,VK3REC 2 Olind1 ,None,-,,,5,,,,,,,,,,,,,1,,,,,,,,,,,,,,,,,,VK3REC 2 Olind1 Olinda,,,
158,147.4250,147.4250,0.000 MHz,PLUS,FM,VK3RFY 2 Hillsd ,T Sql,91.5,,,5,,,,,,,,,,,,,1,,,,,,,,,,,,,,,,,,VK3RFY 2 Hillsd Hillside,,,
159,147.1250,147.7250,0.600 MHz,PLUS,FM,VK3RGC 2 MoPell ,T Sql,91.5,,,5,,,,,,,,,,,,,1,,,,,,,,,,,,,,,,,,VK3RGC 2 MoPell Montpellier,,,
160,147.0000,146.4000,0.600 MHz,MINUS,FM,VK3RGL 2 Anakie ,T Sql,91.5,,,5,,,,,,,,,,,,,1,,,,,,,,,,,,,,,,,,VK3RGL 2 Anakie Mt Anakie,,,
161,147.3250,147.9250,0.600 MHz,PLUS,FM,VK3RMC 2 NarWar ,None,-,,,5,,,,,,,,,,,,,1,,,,,,,,,,,,,,,,,,VK3RMC 2 NarWar Narre Warren Nth,,,
162,146.7000,146.1000,0.600 MHz,MINUS,FM,VK3RML 2 FernyC ,None,-,,,5,,,,,,,,,,,,,1,,,,,,,,,,,,,,,,,,VK3RML 2 FernyC Ferny Creek,,,
163,147.2500,147.8500,0.600 MHz,PLUS,FM,VK3RMM 2 Macdon ,None,-,,,5,,,,,,,,,,,,,1,,,,,,,,,,,,,,,,,,VK3RMM 2 Macdon Mt Macedon,,,
164,146.8500,146.2500,0.600 MHz,MINUS,FM,VK3RMN 2 KLake K,T Sql,91.5,,,5,,,,,,,,,,,,,1,,,,,,,,,,,,,,,,,,VK3RMN 2 KLake Kinglake,,,
165,147.3500,147.9500,0.600 MHz,PLUS,FM,VK3RMS 2 Olind2 ,None,-,,,5,,,,,,,,,,,,,1,,,,,,,,,,,,,,,,,,VK3RMS 2 Olind2 Olinda,,,
166,147.3750,147.9750,0.600 MHz,PLUS,FM,VK3RMU 2 StLeo M,T Sql,91.5,,,5,,,,,,,,,,,,,1,,,,,,,,,,,,,,,,,,VK3RMU 2 StLeo Mt St Leonard,,,
167,147.2000,147.8000,0.600 MHz,PLUS,FM,VK3RPS 2 Cotrel ,T Sql,91.5,,,5,,,,,,,,,,,,,1,,,,,,,,,,,,,,,,,,VK3RPS 2 Cotrel Mt Cottrell,,,
168,146.9750,146.3750,0.600 MHz,MINUS,FM,VK3RRC 2 RdlsCk ,None,-,,,5,,,,,,,,,,,,,1,,,,,,,,,,,,,,,,,,VK3RRC 2 RdlsCk Riddells Creek,,,
169,146.6750,146.0750,0.600 MHz,MINUS,FM,VK3RSP 2 MtMtha ,None,-,,,5,,,,,,,,,,,,,1,,,,,,,,,,,,,,,,,,VK3RSP 2 MtMtha Mt Martha,,,
170,146.7250,146.1250,0.600 MHz,MINUS,FM,VK3RYV 2 Briart ,None,-,,,5,,,,,,,,,,,,,1,,,,,,,,,,,,,,,,,,VK3RYV 2 Briart Briarty Hill,,,
171,438.5250,433.5250,5.000 MHz,MINUS,FM,VK3RAD 7 - Mitch,T Sql,123,,,5,,,,,,,,,,,,,1,,,,,,,,,,,,,,,,,,VK3RAD 7 - Mitcham,,,
172,439.7500,434.7500,5.000 MHz,MINUS,FM,VK3RAJ 7 Upwey U,T Sql,91.5,,,5,,,,,,,,,,,,,1,,,,,,,,,,,,,,,,,,VK3RAJ 7 Upwey Upwey,,,
173,438.7000,433.7000,5.000 MHz,MINUS,FM,VK3RBM 7 - Bacch,T Sql,91.5,,,5,,,,,,,,,,,,,1,,,,,,,,,,,,,,,,,,VK3RBM 7 - Bacchus Marsh,,,
174,438.4500,433.4500,5.000 MHz,MINUS,FM,VK3RBW 7 - Mt Gi,T Sql,91.5,,,5,,,,,,,,,,,,,1,,,,,,,,,,,,,,,,,,VK3RBW 7 - Mt Gisborne,,,
175,439.6250,434.6250,5.000 MHz,MINUS,FM,VK3RBY 7 - Baysw,T Sql,88.5,,,5,,,,,,,,,,,,,1,,,,,,,,,,,,,,,,,,VK3RBY 7 - Bayswater,,,
176,438.0250,433.0250,5.000 MHz,MINUS,FM,VK3RCC 7 - Melbo,T Sql,91.5,,,5,,,,,,,,,,,,,1,,,,,,,,,,,,,,,,,,VK3RCC 7 - Melbourne City,,,
177,439.6000,434.6000,5.000 MHz,MINUS,FM,VK3RDX 7 - Mt Wa,T Sql,91.5,,,5,,,,,,,,,,,,,1,,,,,,,,,,,,,,,,,,VK3RDX 7 - Mt Waverley,,,
178,438.4000,433.4000,5.000 MHz,MINUS,FM,VK3RFY 7 Hillsd ,T Sql,91.5,,,5,,,,,,,,,,,,,1,,,,,,,,,,,,,,,,,,VK3RFY 7 Hillsd Hillside,,,
179,439.5750,434.5750,5.000 MHz,MINUS,FM,VK3RGC 7 MoPell ,T Sql,91.5,,,5,,,,,,,,,,,,,1,,,,,,,,,,,,,,,,,,VK3RGC 7 MoPell Montpellier,,,
180,439.5000,434.5000,5.000 MHz,MINUS,FM,VK3RGL 7 Anakie ,T Sql,91.5,,,5,,,,,,,,,,,,,1,,,,,,,,,,,,,,,,,,VK3RGL 7 Anakie Mt Anakie,,,
181,438.5000,433.5000,5.000 MHz,MINUS,FM,VK3RGW 7 - Grove,T Sql,91.5,,,5,,,,,,,,,,,,,1,,,,,,,,,,,,,,,,,,VK3RGW 7 - Grovedale,,,
182,438.7500,433.7500,5.000 MHz,MINUS,FM,VK3RHF 7 - Olind,T Sql,88.5,,,5,,,,,,,,,,,,,1,,,,,,,,,,,,,,,,,,VK3RHF 7 - Olinda,,,
183,438.1500,433.1500,5.000 MHz,MINUS,FM,VK3RIR 7 - Bendi,T Sql,91.5,,,5,,,,,,,,,,,,,1,,,,,,,,,,,,,,,,,,VK3RIR 7 - Bendigo,,,
184,439.4750,434.4750,5.000 MHz,MINUS,FM,VK3RLP 7 - Cranb,T Sql,91.5,,,5,,,,,,,,,,,,,1,,,,,,,,,,,,,,,,,,VK3RLP 7 - Cranbourne,,,
185,439.3750,434.3750,5.000 MHz,MINUS,FM,VK3RMC 7 - Berwi,None,-,,,5,,,,,,,,,,,,,1,,,,,,,,,,,,,,,,,,VK3RMC 7 - Berwick,,,
186,439.8750,434.8750,5.000 MHz,MINUS,FM,VK3RMCA7 - Narre,None,-,,,5,,,,,,,,,,,,,1,,,,,,,,,,,,,,,,,,VK3RMCA7 - Narre Warren North,,,
187,438.3250,433.3250,5.000 MHz,MINUS,FM,VK3RMH 7 WatlGn ,None,-,,,5,,,,,,,,,,,,,1,,,,,,,,,,,,,,,,,,VK3RMH 7 WatlGn Wattle Glen,,,
188,439.8250,434.8250,5.000 MHz,MINUS,FM,VK3RMM 7 Macdon ,T Sql,91.5,,,5,,,,,,,,,,,,,1,,,,,,,,,,,,,,,,,,VK3RMM 7 Macdon Mt Macedon,,,
189,439.4500,434.4500,5.000 MHz,MINUS,FM,VK3RMN 7 KLake K,T Sql,91.5,,,5,,,,,,,,,,,,,1,,,,,,,,,,,,,,,,,,VK3RMN 7 KLake Kinglake,,,
190,438.2250,433.2250,5.000 MHz,MINUS,FM,VK3RMS 7 Olind2 ,T Sql,91.5,,,5,,,,,,,,,,,,,1,,,,,,,,,,,,,,,,,,VK3RMS 7 Olind2 Olinda,,,
191,439.8000,434.8000,5.000 MHz,MINUS,FM,VK3RMU 7 StLeo M,None,-,,,5,,,,,,,,,,,,,1,,,,,,,,,,,,,,,,,,VK3RMU 7 StLeo Mt St Leonard,,,
192,438.6500,433.6500,5.000 MHz,MINUS,FM,VK3RNP 7 GoldnP ,T Sql,91.5,,,5,,,,,,,,,,,,,1,,,,,,,,,,,,,,,,,,VK3RNP 7 GoldnP Bannockburn,,,
193,439.7250,434.7250,5.000 MHz,MINUS,FM,VK3RPS 7 Cotrel ,T Sql,91.5,,,5,,,,,,,,,,,,,1,,,,,,,,,,,,,,,,,,VK3RPS 7 Cotrel Mt Cottrell,,,
194,439.5250,434.5250,5.000 MHz,MINUS,FM,VK3RPT 7 - Prett,T Sql,91.5,,,5,,,,,,,,,,,,,1,,,,,,,,,,,,,,,,,,VK3RPT 7 - Pretty Sally,,,
195,439.8500,434.8500,5.000 MHz,MINUS,FM,VK3RPU 7 - Arthu,T Sql,91.5,,,5,,,,,,,,,,,,,1,,,,,,,,,,,,,,,,,,VK3RPU 7 - Arthur's Seat,,,
196,439.7000,434.7000,5.000 MHz,MINUS,FM,VK3RRC 7 RdlsCk ,None,-,,,5,,,,,,,,,,,,,1,,,,,,,,,,,,,,,,,,VK3RRC 7 RdlsCk Riddells Creek,,,
197,439.6500,434.6500,5.000 MHz,MINUS,FM,VK3RSA 7 - Emera,T Sql,91.5,,,5,,,,,,,,,,,,,1,,,,,,,,,,,,,,,,,,VK3RSA 7 - Emerald,,,
198,439.5500,434.5500,5.000 MHz,MINUS,FM,VK3RSB 7 - Mt St,T Sql,91.5,,,5,,,,,,,,,,,,,1,,,,,,,,,,,,,,,,,,VK3RSB 7 - Mt St Leonard,,,
199,439.9000,434.9000,5.000 MHz,MINUS,FM,VK3RSE 7 - Glen ,None,-,,,5,,,,,,,,,,,,,1,,,,,,,,,,,,,,,,,,VK3RSE 7 - Glen Waverley,,,
200,439.4250,434.4250,5.000 MHz,MINUS,FM,VK3RSV 7 - Noble,T Sql,91.5,,,5,,,,,,,,,,,,,1,,,,,,,,,,,,,,,,,,VK3RSV 7 - Noble Park,,,
201,439.3000,434.3000,5.000 MHz,MINUS,FM,VK3RYV 7 Briart ,None,-,,,5,,,,,,,,,,,,,1,,,,,,,,,,,,,,,,,,VK3RYV 7 Briart Briarty Hill,,,
202,146.7750,146.1750,0.600 MHz,MINUS,FM,VK3RAG 2 Renies ,T Sql,123,,,5,,,,,,,,,,,,,,1,,,,,,,,,,,,,,,,,VK3RAG 2 Renies Rennies Hill,,,
203,146.7500,146.1500,0.600 MHz,MINUS,FM,VK3RBA 2 Bunyng ,T Sql,91.5,,,5,,,,,,,,,,,,,,1,,,,,,,,,,,,,,,,,VK3RBA 2 Bunyng Mt Buninyong,,,
204,147.2000,147.8000,0.600 MHz,PLUS,FM,VK3RBQ 2 Dimbol ,None,-,,,5,,,,,,,,,,,,,,1,,,,,,,,,,,,,,,,,VK3RBQ 2 Dimbol Dimboola,,,
205,146.6500,146.0500,0.600 MHz,MINUS,FM,VK3RBT 2 GreenH ,T Sql,91.5,,,5,,,,,,,,,,,,,,1,,,,,,,,,,,,,,,,,VK3RBT 2 GreenH Green Hill,,,
206,146.6750,146.0750,0.600 MHz,MINUS,FM,VK3RCA 2 Torumb ,None,-,,,5,,,,,,,,,,,,,,1,,,,,,,,,,,,,,,,,VK3RCA 2 Torumb Torrumbarry,,,
207,147.1500,147.7500,0.600 MHz,PLUS,FM,VK3RCV 2 Alex Mt,None,-,,,5,,,,,,,,,,,,,,1,,,,,,,,,,,,,,,,,VK3RCV 2 Alex Mt Alexander,,,
208,147.1250,147.7250,0.600 MHz,PLUS,FM,VK3RDG 2 Delegt ,None,-,,,5,,,,,,,,,,,,,,1,,,,,,,,,,,,,,,,,VK3RDG 2 Delegt Mt Delegate,,,
209,146.8500,146.2500,0.600 MHz,MINUS,FM,VK3RDU 2 Major M,None,-,,,5,,,,,,,,,,,,,,1,,,,,,,,,,,,,,,,,VK3RDU 2 Major Mt Major,,,
210,146.9000,146.3000,0.600 MHz,MINUS,FM,VK3REB 2 MntNow ,None,-,,,5,,,,,,,,,,,,,,1,,,,,,,,,,,,,,,,,VK3REB 2 MntNow Mt Nowa Nowa,,,
211,146.6500,146.0500,0.600 MHz,MINUS,FM,VK3REG 2 MntCan ,None,-,,,5,,,,,,,,,,,,,,1,,,,,,,,,,,,,,,,,VK3REG 2 MntCan Mt Cann,,,
212,147.1500,147.7500,0.600 MHz,PLUS,FM,VK3REM 2 MarHil ,None,-,,,5,,,,,,,,,,,,,,1,,,,,,,,,,,,,,,,,VK3REM 2 MarHil Maramingo Hill,,,
213,146.8750,146.2750,0.600 MHz,MINUS,FM,VK3RGH 2 GreenH ,T Sql,91.5,,,5,,,,,,,,,,,,,,1,,,,,,,,,,,,,,,,,VK3RGH 2 GreenH Green Hill,,,
214,147.0250,147.6250,0.600 MHz,PLUS,FM,VK3RGS 2 - Mt Fa,T Sql,123,,,5,,,,,,,,,,,,,,1,,,,,,,,,,,,,,,,,VK3RGS 2 - Mt Fatigue,,,
215,146.6500,146.0500,0.600 MHz,MINUS,FM,VK3RGV 2 Wombat ,T Sql,123,,,5,,,,,,,,,,,,,,1,,,,,,,,,,,,,,,,,VK3RGV 2 Wombat Mt Wombat,,,
216,147.0500,147.6500,0.600 MHz,PLUS,FM,VK3RHO 2 Hotham ,None,-,,,5,,,,,,,,,,,,,,1,,,,,,,,,,,,,,,,,VK3RHO 2 Hotham Mt Hotham,,,
217,146.8000,146.2000,0.600 MHz,MINUS,FM,VK3RLV 2 Tassie ,None,-,,,5,,,,,,,,,,,,,,1,,,,,,,,,,,,,,,,,VK3RLV 2 Tassie Mt Tassie,,,
218,146.8000,146.2000,0.600 MHz,MINUS,FM,VK3RMA 2 Mildra ,None,-,,,5,,,,,,,,,,,,,,1,,,,,,,,,,,,,,,,,VK3RMA 2 Mildra Mildura city,,,
219,147.0250,147.6250,0.600 MHz,PLUS,FM,VK3RMK 2 Kerang ,None,-,,,5,,,,,,,,,,,,,,1,,,,,,,,,,,,,,,,,VK3RMK 2 Kerang Mt Kerang,,,
220,147.2750,147.8750,0.600 MHz,PLUS,FM,VK3RMP 2 Caveat ,T Sql,91.5,,,5,,,,,,,,,,,,,,1,,,,,,,,,,,,,,,,,VK3RMP 2 Caveat Caveat,,,
221,147.0000,146.4000,0.600 MHz,MINUS,FM,VK3RNE 2 BigBen ,None,-,,,5,,,,,,,,,,,,,,1,,,,,,,,,,,,,,,,,VK3RNE 2 BigBen Mt Big Ben,,,
222,146.7000,146.1000,0.600 MHz,MINUS,FM,VK3RON 2 Ouyen O,None,-,,,5,,,,,,,,,,,,,,1,,,,,,,,,,,,,,,,,VK3RON 2 Ouyen Ouyen,,,
223,147.2750,147.8750,0.600 MHz,PLUS,FM,VK3ROW 2 BeechF ,T Sql,91.5,,,5,,,,,,,,,,,,,,1,,,,,,,,,,,,,,,,,VK3ROW 2 BeechF Beech Forest,,,
224,147.1000,147.7000,0.600 MHz,PLUS,FM,VK3RPB 2 Bright ,None,-,,,5,,,,,,,,,,,,,,1,,,,,,,,,,,,,,,,,VK3RPB 2 Bright Mt Porepunkah,,,
225,146.8250,146.2250,0.600 MHz,MINUS,FM,VK3RPL 2 Portld ,T Sql,91.5,,,5,,,,,,,,,,,,,,1,,,,,,,,,,,,,,,,,VK3RPL 2 Portld Portland,,,
226,147.1000,147.7000,0.600 MHz,PLUS,FM,VK3RSG 2 BassH B,None,-,,,5,,,,,,,,,,,,,,1,,,,,,,,,,,,,,,,,VK3RSG 2 BassH Bass Hill,,,
227,146.9000,146.3000,0.600 MHz,MINUS,FM,VK3RSH 2 SwanHl ,None,-,,,5,,,,,,,,,,,,,,1,,,,,,,,,,,,,,,,,VK3RSH 2 SwanHl Swan Hill,,,
228,147.0500,147.6500,0.600 MHz,PLUS,FM,VK3RVL 2 RobinV ,None,-,,,5,,,,,,,,,,,,,,1,,,,,,,,,,,,,,,,,VK3RVL 2 RobinV Robinvale,,,
229,147.1000,147.7000,0.600 MHz,PLUS,FM,VK3RWA 2 BenNev ,T Sql,91.5,,,5,,,,,,,,,,,,,,1,,,,,,,,,,,,,,,,,VK3RWA 2 BenNev Ben Nevis,,,
230,147.2250,147.8250,0.600 MHz,PLUS,FM,VK3RWG 2 BawSq M,None,-,,,5,,,,,,,,,,,,,,1,,,,,,,,,,,,,,,,,VK3RWG 2 BawSq Mt Baw Baw,,,
231,147.0500,147.6500,0.600 MHz,PLUS,FM,VK3RWL 2 Warnum ,None,-,,,5,,,,,,,,,,,,,,1,,,,,,,,,,,,,,,,,VK3RWL 2 Warnum Mt Warrnambool,,,
232,146.8500,146.2500,0.600 MHz,MINUS,FM,VK3RWM 2 Arapls ,None,-,,,5,,,,,,,,,,,,,,1,,,,,,,,,,,,,,,,,VK3RWM 2 Arapls Mt Arapiles,,,
233,146.9500,146.3500,0.600 MHz,MINUS,FM,VK3RWZ 2 Wiliam ,T Sql,91.5,,,5,,,,,,,,,,,,,,1,,,,,,,,,,,,,,,,,VK3RWZ 2 Wiliam Mt William,,,
234,439.2750,434.2750,5.000 MHz,MINUS,FM,VK3RBA 7 Bunyng ,T Sql,91.5,,,5,,,,,,,,,,,,,,1,,,,,,,,,,,,,,,,,VK3RBA 7 Bunyng Mt Buninyong,,,
235,439.8250,434.8250,5.000 MHz,MINUS,FM,VK3RBL 7 - Bambi,None,-,,,5,,,,,,,,,,,,,,1,,,,,,,,,,,,,,,,,VK3RBL 7 - Bambill South,,,
236,438.3500,433.3500,5.000 MHz,MINUS,FM,VK3RBN 7 - Burru,T Sql,91.5,,,5,,,,,,,,,,,,,,1,,,,,,,,,,,,,,,,,VK3RBN 7 - Burrumbeet,,,
237,438.0250,433.0250,5.000 MHz,MINUS,FM,VK3RBO 7 - Speci,None,-,,,5,,,,,,,,,,,,,,1,,,,,,,,,,,,,,,,,VK3RBO 7 - Specimen Hill,,,
238,439.7000,434.7000,5.000 MHz,MINUS,FM,VK3RBP 7 - Horsh,T Sql,91.5,,,5,,,,,,,,,,,,,,1,,,,,,,,,,,,,,,,,VK3RBP 7 - Horsham,,,
239,438.4750,433.4750,5.000 MHz,MINUS,FM,VK3RBU 7 - Mt Ho,T Sql,91.5,,,5,,,,,,,,,,,,,,1,,,,,,,,,,,,,,,,,VK3RBU 7 - Mt Hollowback,,,
240,438.0250,433.0250,5.000 MHz,MINUS,FM,VK3RCP 7 - Ouyen,None,-,,,5,,,,,,,,,,,,,,1,,,,,,,,,,,,,,,,,VK3RCP 7 - Ouyen,,,
241,438.4250,433.4250,5.000 MHz,MINUS,FM,VK3RCU 7 - Mt Mo,None,-,,,5,,,,,,,,,,,,,,1,,,,,,,,,,,,,,,,,VK3RCU 7 - Mt Moliagul,,,
242,438.0750,433.0750,5.000 MHz,MINUS,FM,VK3RDU 7 Major M,None,-,,,5,,,,,,,,,,,,,,1,,,,,,,,,,,,,,,,,VK3RDU 7 Major Mt Major,,,
243,439.8750,434.8750,5.000 MHz,MINUS,FM,VK3RDUA7 Major M,None,-,,,5,,,,,,,,,,,,,,1,,,,,,,,,,,,,,,,,VK3RDUA7 Major Mt Major,,,
244,438.0250,433.0250,5.000 MHz,MINUS,FM,VK3REG 7 MntCan ,None,-,,,5,,,,,,,,,,,,,,1,,,,,,,,,,,,,,,,,VK3REG 7 MntCan Mt Cann,,,
245,439.3250,434.3250,5.000 MHz,MINUS,FM,VK3RGH 7 GreenH ,T Sql,91.5,,,5,,,,,,,,,,,,,,1,,,,,,,,,,,,,,,,,VK3RGH 7 GreenH Green Hill,,,
246,438.3750,433.3750,5.000 MHz,MINUS,FM,VK3RGS 7 - Mt Fa,None,-,,,5,,,,,,,,,,,,,,1,,,,,,,,,,,,,,,,,VK3RGS 7 - Mt Fatigue,,,
247,439.7750,434.7750,5.000 MHz,MINUS,FM,VK3RGV 7 Wombat ,T Sql,123,,,5,,,,,,,,,,,,,,1,,,,,,,,,,,,,,,,,VK3RGV 7 Wombat Mt Wombat,,,
248,438.3750,433.3750,5.000 MHz,MINUS,FM,VK3RHO 7 Hotham ,None,-,,,5,,,,,,,,,,,,,,1,,,,,,,,,,,,,,,,,VK3RHO 7 Hotham Mt Hotham,,,
249,438.1250,433.1250,5.000 MHz,MINUS,FM,VK3RLE 7 - Paps,None,-,,,5,,,,,,,,,,,,,,1,,,,,,,,,,,,,,,,,VK3RLE 7 - Paps,,,
250,438.3750,433.3750,5.000 MHz,MINUS,FM,VK3RLV 7 Tassie ,None,-,,,5,,,,,,,,,,,,,,1,,,,,,,,,,,,,,,,,VK3RLV 7 Tassie Mt Tassie,,,
251,439.9500,434.9500,5.000 MHz,MINUS,FM,VK3RMG 7 - Mt Br,None,-,,,5,,,,,,,,,,,,,,1,,,,,,,,,,,,,,,,,VK3RMG 7 - Mt Broughton,,,
252,439.3500,434.3500,5.000 MHz,MINUS,FM,VK3RMP 7 Caveat ,T Sql,91.5,,,5,,,,,,,,,,,,,,1,,,,,,,,,,,,,,,,,VK3RMP 7 Caveat Caveat,,,
253,439.4250,434.4250,5.000 MHz,MINUS,FM,VK3RNE 7 BigBen ,None,-,,,5,,,,,,,,,,,,,,1,,,,,,,,,,,,,,,,,VK3RNE 7 BigBen Mt Big Ben,,,
254,438.5250,433.5250,5.000 MHz,MINUS,FM,VK3RNU 7 - Mt St,None,-,,,5,,,,,,,,,,,,,,1,,,,,,,,,,,,,,,,,VK3RNU 7 - Mt Stanley,,,
255,439.9500,434.9500,5.000 MHz,MINUS,FM,VK3RPL 7 Portld ,T Sql,91.5,,,5,,,,,,,,,,,,,,1,,,,,,,,,,,,,,,,,VK3RPL 7 Portld Portland,,,
256,438.5250,433.5250,5.000 MHz,MINUS,FM,VK3RRU 7 - Merbe,None,-,,,5,,,,,,,,,,,,,,1,,,,,,,,,,,,,,,,,VK3RRU 7 - Merbein,,,
257,439.5250,434.5250,5.000 MHz,MINUS,FM,VK3RTU 7 MntTay ,None,-,,,5,,,,,,,,,,,,,,1,,,,,,,,,,,,,,,,,VK3RTU 7 MntTay Mt Taylor,,,
258,438.1750,433.1750,5.000 MHz,MINUS,FM,VK3RUG 7 - Devil,None,-,,,5,,,,,,,,,,,,,,1,,,,,,,,,,,,,,,,,VK3RUG 7 - Devil's River,,,
259,438.5750,433.5750,5.000 MHz,MINUS,FM,VK3RWD 7 - Droui,T Sql,91.5,,,5,,,,,,,,,,,,,,1,,,,,,,,,,,,,,,,,VK3RWD 7 - Drouin,,,
260,438.3750,433.3750,5.000 MHz,MINUS,FM,VK3RWG 7 BawSq M,None,-,,,5,,,,,,,,,,,,,,1,,,,,,,,,,,,,,,,,VK3RWG 7 BawSq Mt Baw Baw,,,
261,439.8750,434.8750,5.000 MHz,MINUS,FM,VK3RWL 7 Warnum ,None,-,,,5,,,,,,,,,,,,,,1,,,,,,,,,,,,,,,,,VK3RWL 7 Warnum Mt Warrnambool,,,
262,438.6750,433.6750,5.000 MHz,MINUS,FM,VK3RWU 7 - Mt Wi,T Sql,91.5,,,5,,,,,,,,,,,,,,1,,,,,,,,,,,,,,,,,VK3RWU 7 - Mt William,,,
263,439.6750,434.6750,5.000 MHz,MINUS,FM,VK3RZU 7 - Mt Bu,None,-,,,5,,,,,,,,,,,,,,1,,,,,,,,,,,,,,,,,VK3RZU 7 - Mt Buller,,,
264,147.1500,147.7500,0.600 MHz,PLUS,FM,VK4RAG 2 - Sprin,None,-,,,5,,,,,,,,,,,,,,,1,,,,,,,,,,,,,,,,VK4RAG 2 - Spring Hill,,,
265,146.9000,146.3000,0.600 MHz,MINUS,FM,VK4RAI 2 - The K,None,-,,,5,,,,,,,,,,,,,,,1,,,,,,,,,,,,,,,,VK4RAI 2 - The Knobby,,,
266,147.0750,147.6750,0.600 MHz,PLUS,FM,VK4RAX 2 - Mt Co,None,-,,,5,,,,,,,,,,,,,,,1,,,,,,,,,,,,,,,,VK4RAX 2 - Mt Cotton,,,
267,147.0000,146.4000,0.600 MHz,MINUS,FM,VK4RBN 2 - Mt Gl,T Sql,91.5,,,5,,,,,,,,,,,,,,,1,,,,,,,,,,,,,,,,VK4RBN 2 - Mt Glorious,,,
268,146.9500,146.3500,0.600 MHz,MINUS,FM,VK4RBQ 2 - Mt Co,T Sql,91.5,,,5,,,,,,,,,,,,,,,1,,,,,,,,,,,,,,,,VK4RBQ 2 - Mt Coot-tha,,,
269,147.9500,147.3500,0.600 MHz,MINUS,FM,VK4RBR 2 - Mt Gr,None,-,,,5,,,,,,,,,,,,,,,1,,,,,,,,,,,,,,,,VK4RBR 2 - Mt Gravatt,,,
270,146.8750,146.2750,0.600 MHz,MINUS,FM,VK4RBS 2 - Alexa,None,-,,,5,,,,,,,,,,,,,,,1,,,,,,,,,,,,,,,,VK4RBS 2 - Alexandra Hills,,,
271,147.8000,147.2000,0.600 MHz,MINUS,FM,VK4RBT 2 - Mt Ta,None,-,,,5,,,,,,,,,,,,,,,1,,,,,,,,,,,,,,,,VK4RBT 2 - Mt Tambourine,,,
272,146.7000,146.1000,0.600 MHz,MINUS,FM,VK4RGC 2 - Sprin,T Sql,123,,,5,,,,,,,,,,,,,,,1,,,,,,,,,,,,,,,,VK4RGC 2 - Springbrook,,,
273,146.7250,146.1250,0.600 MHz,MINUS,FM,VK4RKP 2 - Mt Cr,None,-,,,5,,,,,,,,,,,,,,,1,,,,,,,,,,,,,,,,VK4RKP 2 - Mt Crosby,,,
274,147.6250,147.0250,0.600 MHz,MINUS,FM,VK4RLB 2 - Woodr,None,-,,,5,,,,,,,,,,,,,,,1,,,,,,,,,,,,,,,,VK4RLB 2 - Woodridge,,,
275,146.9750,146.3750,0.600 MHz,MINUS,FM,VK4RLW 2 - Sprin,T Sql,91.5,,,5,,,,,,,,,,,,,,,1,,,,,,,,,,,,,,,,VK4RLW 2 - Spring Mountain,,,
276,147.1750,147.7750,0.600 MHz,PLUS,FM,VK4RWM 2 - North,None,-,,,5,,,,,,,,,,,,,,,1,,,,,,,,,,,,,,,,VK4RWM 2 - North Ipswich,,,
277,438.6250,433.6250,5.000 MHz,MINUS,FM,VK4RAG 7 - Sprin,None,-,,,5,,,,,,,,,,,,,,,1,,,,,,,,,,,,,,,,VK4RAG 7 - Spring Hill,,,
278,439.3250,434.3250,5.000 MHz,MINUS,FM,VK4RAI 7 - The K,T Sql,91.5,,,5,,,,,,,,,,,,,,,1,,,,,,,,,,,,,,,,VK4RAI 7 - The Knobby,,,
279,439.9500,434.9500,5.000 MHz,MINUS,FM,VK4RBA 7 - Sunny,T Sql,123,,,5,,,,,,,,,,,,,,,1,,,,,,,,,,,,,,,,VK4RBA 7 - Sunnybank,,,
280,439.3000,434.3000,5.000 MHz,MINUS,FM,VK4RBQ 7 - Mt Co,None,-,,,5,,,,,,,,,,,,,,,1,,,,,,,,,,,,,,,,VK4RBQ 7 - Mt Coot-Tha,,,
281,438.2750,433.2750,5.000 MHz,MINUS,FM,VK4RBR 7 - Mt Gr,None,-,,,5,,,,,,,,,,,,,,,1,,,,,,,,,,,,,,,,VK4RBR 7 - Mt Gravatt,,,
282,439.7250,434.7250,5.000 MHz,MINUS,FM,VK4RBS 7 - Alexa,T Sql,91.5,,,5,,,,,,,,,,,,,,,1,,,,,,,,,,,,,,,,VK4RBS 7 - Alexandra Hills,,,
283,438.4250,433.4250,5.000 MHz,MINUS,FM,VK4RBX 7 - The K,T Sql,123,,,5,,,,,,,,,,,,,,,1,,,,,,,,,,,,,,,,VK4RBX 7 - The Knobby,,,
284,438.6000,433.6000,5.000 MHz,MINUS,FM,VK4RGC 7 - Sprin,T Sql,123,,,5,,,,,,,,,,,,,,,1,,,,,,,,,,,,,,,,VK4RGC 7 - Springbrook,,,
285,438.7500,433.7500,5.000 MHz,MINUS,FM,VK4RLB 7 - Woodr,None,-,,,5,,,,,,,,,,,,,,,1,,,,,,,,,,,,,,,,VK4RLB 7 - Woodridge,,,
286,438.5000,433.5000,5.000 MHz,MINUS,FM,VK4RLW 7 - Sprin,T Sql,91.5,,,5,,,,,,,,,,,,,,,1,,,,,,,,,,,,,,,,VK4RLW 7 - Spring Mountain,,,
287,439.3000,434.3000,5.000 MHz,MINUS,FM,VK4RSM 7 - Sprin,T Sql,91.5,,,5,,,,,,,,,,,,,,,1,,,,,,,,,,,,,,,,VK4RSM 7 - Spring Mountain,,,
288,438.3750,433.3750,5.000 MHz,MINUS,FM,VK4RWM 7 - North,T Sql,91.5,,,5,,,,,,,,,,,,,,,1,,,,,,,,,,,,,,,,VK4RWM 7 - North Ipswich,,,
289,439.9250,434.9250,5.000 MHz,MINUS,FM,VK4RWMA7 - North,T Sql,91.5,,,5,,,,,,,,,,,,,,,1,,,,,,,,,,,,,,,,VK4RWMA7 - North Ipswich,,,
290,438.1000,433.1000,5.000 MHz,MINUS,FM,VK4RZA 7 - Sprin,T Sql,91.5,,,5,,,,,,,,,,,,,,,1,,,,,,,,,,,,,,,,VK4RZA 7 - Springbrook,,,
291,438.2000,433.2000,5.000 MHz,MINUS,FM,VK4RZB 7 - Mt Co,T Sql,91.5,,,5,,,,,,,,,,,,,,,1,,,,,,,,,,,,,,,,VK4RZB 7 - Mt Coot-tha,,,
292,146.7000,146.1000,0.600 MHz,MINUS,FM,VK4RAR 2 - Mt Ar,T Sql,91.5,,,5,,,,,,,,,,,,,,,,1,,,,,,,,,,,,,,,VK4RAR 2 - Mt Archer,,,
293,146.8750,146.2750,0.600 MHz,MINUS,FM,VK4RAS 2 - Carbo,None,-,,,5,,,,,,,,,,,,,,,,1,,,,,,,,,,,,,,,VK4RAS 2 - Carborough Range,,,
294,146.7000,146.1000,0.600 MHz,MINUS,FM,VK4RAT 2 - Mt St,None,-,,,5,,,,,,,,,,,,,,,,1,,,,,,,,,,,,,,,VK4RAT 2 - Mt Stuart,,,
295,146.9500,146.3500,0.600 MHz,MINUS,FM,VK4RBD 2 - Black,T Sql,91.5,,,5,,,,,,,,,,,,,,,,1,,,,,,,,,,,,,,,VK4RBD 2 - Blackdown Tableland,,,
296,147.8000,147.2000,0.600 MHz,MINUS,FM,VK4RBG 2 - The H,None,-,,,5,,,,,,,,,,,,,,,,1,,,,,,,,,,,,,,,VK4RBG 2 - The Hummock,,,
297,146.7750,146.1750,0.600 MHz,MINUS,FM,VK4RBM 2 - Blue ,T Sql,91.5,,,5,,,,,,,,,,,,,,,,1,,,,,,,,,,,,,,,VK4RBM 2 - Blue Mountain,,,
298,147.1000,147.7000,0.600 MHz,PLUS,FM,VK4RBP 2 - Butch,None,-,,,5,,,,,,,,,,,,,,,,1,,,,,,,,,,,,,,,VK4RBP 2 - Butchers Creek,,,
299,146.8000,146.2000,0.600 MHz,MINUS,FM,VK4RBU 2 MtGoon ,None,-,,,5,,,,,,,,,,,,,,,,1,,,,,,,,,,,,,,,VK4RBU 2 MtGoon Mt Goonaneman,,,
300,146.9500,146.3500,0.600 MHz,MINUS,FM,VK4RCA 2 - Mt Ha,None,-,,,5,,,,,,,,,,,,,,,,1,,,,,,,,,,,,,,,VK4RCA 2 - Mt Haren,,,
301,146.6250,146.0250,0.600 MHz,MINUS,FM,VK4RCC 2 - Caboo,None,-,,,5,,,,,,,,,,,,,,,,1,,,,,,,,,,,,,,,VK4RCC 2 - Caboolture,,,
302,146.7250,146.1250,0.600 MHz,MINUS,FM,VK4RCM 2 GymSth ,T Sql,91.5,,,5,,,,,,,,,,,,,,,,1,,,,,,,,,,,,,,,VK4RCM 2 GymSth Mt Boulder,,,
303,147.0000,146.4000,0.600 MHz,MINUS,FM,VK4RCQ 2 - Banan,None,-,,,5,,,,,,,,,,,,,,,,1,,,,,,,,,,,,,,,VK4RCQ 2 - Banana Range,,,
304,146.8250,146.2250,0.600 MHz,MINUS,FM,VK4RCR 2 - Braes,None,-,,,5,,,,,,,,,,,,,,,,1,,,,,,,,,,,,,,,VK4RCR 2 - Braeside,,,
305,146.7500,146.1500,0.600 MHz,MINUS,FM,VK4RDD 2 - O'Rou,None,-,,,5,,,,,,,,,,,,,,,,1,,,,,,,,,,,,,,,VK4RDD 2 - O'Rourke's House,,,
306,147.2500,147.8500,0.600 MHz,PLUS,FM,VK4RED 2 - Dalby,None,-,,,5,,,,,,,,,,,,,,,,1,,,,,,,,,,,,,,,VK4RED 2 - Dalby,,,
307,146.9500,146.3500,0.600 MHz,MINUS,FM,VK4REG 2 - Mt Mo,T Sql,91.5,,,5,,,,,,,,,,,,,,,,1,,,,,,,,,,,,,,,VK4REG 2 - Mt Mowbullan,,,
308,147.0750,147.6750,0.600 MHz,PLUS,FM,VK4REP 2 - Middl,None,-,,,5,,,,,,,,,,,,,,,,1,,,,,,,,,,,,,,,VK4REP 2 - Middlemount,,,
309,146.6750,146.0750,0.600 MHz,MINUS,FM,VK4RET 2 - Mt Ki,T Sql,91.5,,,5,,,,,,,,,,,,,,,,1,,,,,,,,,,,,,,,VK4RET 2 - Mt Kiangarow,,,
310,146.9000,146.3000,0.600 MHz,MINUS,FM,VK4RGA 2 - Kroom,T Sql,91.5,,,5,,,,,,,,,,,,,,,,1,,,,,,,,,,,,,,,VK4RGA 2 - Kroombit Tops,,,
311,147.3750,147.9750,0.600 MHz,PLUS,FM,VK4RGAA2 - Kroom,T Sql,91.5,,,5,,,,,,,,,,,,,,,,1,,,,,,,,,,,,,,,VK4RGAA2 - Kroombit Tops,,,
312,146.6250,146.0250,0.600 MHz,MINUS,FM,VK4RGT 2 - Mauri,T Sql,91.5,,,5,,,,,,,,,,,,,,,,1,,,,,,,,,,,,,,,VK4RGT 2 - Maurice Hill,,,
313,146.7750,146.1750,0.600 MHz,MINUS,FM,VK4RGY 2 Gympie ,None,-,,,5,,,,,,,,,,,,,,,,1,,,,,,,,,,,,,,,VK4RGY 2 Gympie Gympie,,,
314,146.6500,146.0500,0.600 MHz,MINUS,FM,VK4RHB 2 - Ghost,None,-,,,5,,,,,,,,,,,,,,,,1,,,,,,,,,,,,,,,VK4RHB 2 - Ghost Hill,,,
315,146.9250,146.3250,0.600 MHz,MINUS,FM,VK4RHR 2 - Hodgs,None,-,,,5,,,,,,,,,,,,,,,,1,,,,,,,,,,,,,,,VK4RHR 2 - Hodgson Range,,,
316,146.6750,146.0750,0.600 MHz,MINUS,FM,VK4RHT 2 - Hann ,None,-,,,5,,,,,,,,,,,,,,,,1,,,,,,,,,,,,,,,VK4RHT 2 - Hann Tableland,,,
317,145.6250,145.6250,0.000 MHz,PLUS,FM,VK4RKC 2 - Ocean,None,-,,,5,,,,,,,,,,,,,,,,1,,,,,,,,,,,,,,,VK4RKC 2 - Oceanview,,,
318,147.9000,147.3000,0.600 MHz,MINUS,FM,VK4RKCA2 - Ocean,None,-,,,5,,,,,,,,,,,,,,,,1,,,,,,,,,,,,,,,VK4RKCA2 - Oceanview,,,
319,146.7000,146.1000,0.600 MHz,MINUS,FM,VK4RMI 2 - Four ,None,-,,,5,,,,,,,,,,,,,,,,1,,,,,,,,,,,,,,,VK4RMI 2 - Four Mile Hill,,,
320,147.0000,146.4000,0.600 MHz,MINUS,FM,VK4RMK 2 - Mt Bl,None,-,,,5,,,,,,,,,,,,,,,,1,,,,,,,,,,,,,,,VK4RMK 2 - Mt Blackwood,,,
321,147.1250,147.7250,0.600 MHz,PLUS,FM,VK4RMM 2 - Stant,None,-,,,5,,,,,,,,,,,,,,,,1,,,,,,,,,,,,,,,VK4RMM 2 - Stanthorpe,,,
322,146.8000,146.2000,0.600 MHz,MINUS,FM,VK4RMP 2 - Midge,None,-,,,5,,,,,,,,,,,,,,,,1,,,,,,,,,,,,,,,VK4RMP 2 - Midge Point,,,
323,147.2750,147.8750,0.600 MHz,PLUS,FM,VK4RNL 2 - Doona,None,-,,,5,,,,,,,,,,,,,,,,1,,,,,,,,,,,,,,,VK4RNL 2 - Doonan,,,
324,146.6500,146.0500,0.600 MHz,MINUS,FM,VK4ROM 2 - Graft,None,-,,,5,,,,,,,,,,,,,,,,1,,,,,,,,,,,,,,,VK4ROM 2 - Grafton Range,,,
325,146.7500,146.1500,0.600 MHz,MINUS,FM,VK4RPU 2 - Mt Pe,None,-,,,5,,,,,,,,,,,,,,,,1,,,,,,,,,,,,,,,VK4RPU 2 - Mt Perry,,,
326,146.9250,146.3250,0.600 MHz,MINUS,FM,VK4RRC 2 - Wamur,None,-,,,5,,,,,,,,,,,,,,,,1,,,,,,,,,,,,,,,VK4RRC 2 - Wamuran,,,
327,146.9750,146.3750,0.600 MHz,MINUS,FM,VK4RRR 2 - Mt Se,None,-,,,5,,,,,,,,,,,,,,,,1,,,,,,,,,,,,,,,VK4RRR 2 - Mt Seaview,,,
328,146.6750,146.0750,0.600 MHz,MINUS,FM,VK4RSA 2 - Sarin,None,-,,,5,,,,,,,,,,,,,,,,1,,,,,,,,,,,,,,,VK4RSA 2 - Sarina,,,
329,146.8500,146.2500,0.600 MHz,MINUS,FM,VK4RSC 2 - Wilke,T Sql,91.5,,,5,,,,,,,,,,,,,,,,1,,,,,,,,,,,,,,,VK4RSC 2 - Wilkes Knob,,,
330,146.8250,146.2250,0.600 MHz,MINUS,FM,VK4RSL 2 - Noosa,T Sql,91.5,,,5,,,,,,,,,,,,,,,,1,,,,,,,,,,,,,,,VK4RSL 2 - Noosa Heads,,,
331,146.8250,146.2250,0.600 MHz,MINUS,FM,VK4RSP 2 - Rodda,None,-,,,5,,,,,,,,,,,,,,,,1,,,,,,,,,,,,,,,VK4RSP 2 - Roddas Lookout,,,
332,438.2250,433.2250,5.000 MHz,MINUS,FM,VK4RAR 7 - Mt Ar,T Sql,91.5,,,5,,,,,,,,,,,,,,,,1,,,,,,,,,,,,,,,VK4RAR 7 - Mt Archer,,,
333,438.2250,433.2250,5.000 MHz,MINUS,FM,VK4RAT 7 - Mt St,T Sql,91.5,,,5,,,,,,,,,,,,,,,,1,,,,,,,,,,,,,,,VK4RAT 7 - Mt Stuart,,,
334,439.9000,434.9000,5.000 MHz,MINUS,FM,VK4RBK 7 - Tolga,None,-,,,5,,,,,,,,,,,,,,,,1,,,,,,,,,,,,,,,VK4RBK 7 - Tolga,,,
335,439.3000,434.3000,5.000 MHz,MINUS,FM,VK4RBM 7 - Blue ,None,-,,,5,,,,,,,,,,,,,,,,1,,,,,,,,,,,,,,,VK4RBM 7 - Blue Mountain,,,
336,439.7750,434.7750,5.000 MHz,MINUS,FM,VK4RBP 7 - Butch,None,-,,,5,,,,,,,,,,,,,,,,1,,,,,,,,,,,,,,,VK4RBP 7 - Butchers Creek,,,
337,439.9250,434.9250,5.000 MHz,MINUS,FM,VK4RBPA7 - Butch,None,-,,,5,,,,,,,,,,,,,,,,1,,,,,,,,,,,,,,,VK4RBPA7 - Butchers Creek,,,
338,438.7750,433.7750,5.000 MHz,MINUS,FM,VK4RBU 7 MtGoon ,None,-,,,5,,,,,,,,,,,,,,,,1,,,,,,,,,,,,,,,VK4RBU 7 MtGoon Mt Goonaneman,,,
339,439.7750,434.7750,5.000 MHz,MINUS,FM,VK4RBW 7 BundaN ,None,-,,,5,,,,,,,,,,,,,,,,1,,,,,,,,,,,,,,,VK4RBW 7 BundaN Watalgan,,,
340,439.8500,434.8500,5.000 MHz,MINUS,FM,VK4RCA 7 - Cairn,None,-,,,5,,,,,,,,,,,,,,,,1,,,,,,,,,,,,,,,VK4RCA 7 - Cairns,,,
341,439.8750,434.8750,5.000 MHz,MINUS,FM,VK4RCQ 7 - Banan,None,-,,,5,,,,,,,,,,,,,,,,1,,,,,,,,,,,,,,,VK4RCQ 7 - Banana Range,,,
342,439.2750,434.2750,5.000 MHz,MINUS,FM,VK4RDD 7 - O'Rou,None,-,,,5,,,,,,,,,,,,,,,,1,,,,,,,,,,,,,,,VK4RDD 7 - O'Rourke's House,,,
343,438.6500,433.6500,5.000 MHz,MINUS,FM,VK4REG 7 - Mt Mo,T Sql,91.5,,,5,,,,,,,,,,,,,,,,1,,,,,,,,,,,,,,,VK4REG 7 - Mt Mowbullan,,,
344,438.7000,433.7000,5.000 MHz,MINUS,FM,VK4RET 7 - Mt Ki,T Sql,91.5,,,5,,,,,,,,,,,,,,,,1,,,,,,,,,,,,,,,VK4RET 7 - Mt Kiangarow,,,
345,439.8000,434.8000,5.000 MHz,MINUS,FM,VK4RGL 7 - Lady ,T Sql,91.5,,,5,,,,,,,,,,,,,,,,1,,,,,,,,,,,,,,,VK4RGL 7 - Lady Larcom,,,
346,438.0500,433.0500,5.000 MHz,MINUS,FM,VK4RGT 7 - Mauri,None,-,,,5,,,,,,,,,,,,,,,,1,,,,,,,,,,,,,,,VK4RGT 7 - Maurice Hill,,,
347,439.9500,434.9500,5.000 MHz,MINUS,FM,VK4RGY 7 Gympie ,None,-,,,5,,,,,,,,,,,,,,,,1,,,,,,,,,,,,,,,VK4RGY 7 Gympie Gympie,,,
348,438.5000,433.5000,5.000 MHz,MINUS,FM,VK4RHR 7 - Hodgs,None,-,,,5,,,,,,,,,,,,,,,,1,,,,,,,,,,,,,,,VK4RHR 7 - Hodgson Range,,,
349,439.3750,434.3750,5.000 MHz,MINUS,FM,VK4RNL 7 - Doona,None,-,,,5,,,,,,,,,,,,,,,,1,,,,,,,,,,,,,,,VK4RNL 7 - Doonan,,,
350,438.7500,433.7500,5.000 MHz,MINUS,FM,VK4RPU 7 - Mt Pe,None,-,,,5,,,,,,,,,,,,,,,,1,,,,,,,,,,,,,,,VK4RPU 7 - Mt Perry,,,
351,438.3250,433.3250,5.000 MHz,MINUS,FM,VK4RRC 7 - Wamur,T Sql,91.5,,,5,,,,,,,,,,,,,,,,1,,,,,,,,,,,,,,,VK4RRC 7 - Wamuran,,,
352,439.6250,434.6250,5.000 MHz,MINUS,FM,VK4RSA 7 - Sarin,None,-,,,5,,,,,,,,,,,,,,,,1,,,,,,,,,,,,,,,VK4RSA 7 - Sarina,,,
353,438.0750,433.0750,5.000 MHz,MINUS,FM,VK4RSC 7 - Wilke,T Sql,91.5,,,5,,,,,,,,,,,,,,,,1,,,,,,,,,,,,,,,VK4RSC 7 - Wilkes Knob,,,
354,438.1750,433.1750,5.000 MHz,MINUS,FM,VK4RSL 7 - Noosa,T Sql,91.5,,,5,,,,,,,,,,,,,,,,1,,,,,,,,,,,,,,,VK4RSL 7 - Noosa Heads,,,
355,438.5750,433.5750,5.000 MHz,MINUS,FM,VK4RSS 7 - Ocean,T Sql,91.5,,,5,,,,,,,,,,,,,,,,1,,,,,,,,,,,,,,,VK4RSS 7 - Ocean View,,,
356,438.0250,433.0250,5.000 MHz,MINUS,FM,VK4RTQ 7 - Mt Ky,T Sql,91.5,,,5,,,,,,,,,,,,,,,,1,,,,,,,,,,,,,,,VK4RTQ 7 - Mt Kynoch,,,
357,438.6750,433.6750,5.000 MHz,MINUS,FM,VK4RWS 7 - Nebo,T Sql,91.5,,,5,,,,,,,,,,,,,,,,1,,,,,,,,,,,,,,,VK4RWS 7 - Nebo,,,
358,439.9000,434.9000,5.000 MHz,MINUS,FM,VK4RXZ 7 - Malen,None,-,,,5,,,,,,,,,,,,,,,,1,,,,,,,,,,,,,,,VK4RXZ 7 - Maleny,,,
359,438.1250,433.1250,5.000 MHz,MINUS,FM,VK4RZC 7 - Wilke,T Sql,91.5,,,5,,,,,,,,,,,,,,,,1,,,,,,,,,,,,,,,VK4RZC 7 - Wilkes Knob,,,
360,438.0500,433.0500,5.000 MHz,MINUS,FM,VK4RZD 7 - Mt Pe,T Sql,91.5,,,5,,,,,,,,,,,,,,,,1,,,,,,,,,,,,,,,VK4RZD 7 - Mt Perseverance,,,
361,146.7500,146.1500,0.600 MHz,MINUS,FM,VK5RAC 2 - Pilla,None,-,,,5,,,,,,,,,,,,,,,,,1,,,,,,,,,,,,,,VK5RAC 2 - Pillaworta Hill,,,
362,147.0000,146.4000,0.600 MHz,MINUS,FM,VK5RAD 2 - Crafe,None,-,,,5,,,,,,,,,,,,,,,,,1,,,,,,,,,,,,,,VK5RAD 2 - Crafers,,,
363,146.9750,146.3750,0.600 MHz,MINUS,FM,VK5RAE 2 - Mt Ar,None,-,,,5,,,,,,,,,,,,,,,,,1,,,,,,,,,,,,,,VK5RAE 2 - Mt Arden,,,
364,146.7750,146.1750,0.600 MHz,MINUS,FM,VK5RAH 2 - Lobet,None,-,,,5,,,,,,,,,,,,,,,,,1,,,,,,,,,,,,,,VK5RAH 2 - Lobethal,,,
365,146.7250,146.1250,0.600 MHz,MINUS,FM,VK5RBK 2 - Mount,None,-,,,5,,,,,,,,,,,,,,,,,1,,,,,,,,,,,,,,VK5RBK 2 - Mount Barker,,,
366,147.3500,147.9500,0.600 MHz,PLUS,FM,VK5RBT 2 - Willa,None,-,,,5,,,,,,,,,,,,,,,,,1,,,,,,,,,,,,,,VK5RBT 2 - Willalooka,,,
367,146.8250,146.2250,0.600 MHz,MINUS,FM,VK5RBV 2 - Mt Ki,None,-,,,5,,,,,,,,,,,,,,,,,1,,,,,,,,,,,,,,VK5RBV 2 - Mt Kitchener,,,
368,146.8000,146.2000,0.600 MHz,MINUS,FM,VK5REP 2 - Coola,None,-,,,5,,,,,,,,,,,,,,,,,1,,,,,,,,,,,,,,VK5REP 2 - Coolanie,,,
369,146.8500,146.2500,0.600 MHz,MINUS,FM,VK5RHO 2 - Anste,None,-,,,5,,,,,,,,,,,,,,,,,1,,,,,,,,,,,,,,VK5RHO 2 - Anstey Hill,,,
370,147.3750,147.9750,0.600 MHz,PLUS,FM,VK5RKN 2 Kingst ,None,-,,,5,,,,,,,,,,,,,,,,,1,,,,,,,,,,,,,,VK5RKN 2 Kingst Mt Benson,,,
371,147.3250,147.9250,0.600 MHz,PLUS,FM,VK5RLD 2 - Mooro,None,-,,,5,,,,,,,,,,,,,,,,,1,,,,,,,,,,,,,,VK5RLD 2 - Moorook,,,
372,146.9250,146.3250,0.600 MHz,MINUS,FM,VK5RLH 2 - Bumbu,None,-,,,5,,,,,,,,,,,,,,,,,1,,,,,,,,,,,,,,VK5RLH 2 - Bumbunga Hill,,,
373,146.6250,146.0250,0.600 MHz,MINUS,FM,VK5RLZ 2 - Eliza,None,-,,,5,,,,,,,,,,,,,,,,,1,,,,,,,,,,,,,,VK5RLZ 2 - Elizabeth,,,
374,146.8750,146.2750,0.600 MHz,MINUS,FM,VK5RMB 2 - Mt Be,None,-,,,5,,,,,,,,,,,,,,,,,1,,,,,,,,,,,,,,VK5RMB 2 - Mt Beevor,,,
375,146.9000,146.3000,0.600 MHz,MINUS,FM,VK5RMG 2 MtgVHF ,None,-,,,5,,,,,,,,,,,,,,,,,1,,,,,,,,,,,,,,VK5RMG 2 MtgVHF The Bluff,,,
376,146.7000,146.1000,0.600 MHz,MINUS,FM,VK5RMN 2 - The B,None,-,,,5,,,,,,,,,,,,,,,,,1,,,,,,,,,,,,,,VK5RMN 2 - The Bluff,,,
377,146.6500,146.0500,0.600 MHz,MINUS,FM,VK5RNC 2 Ncte Na,None,-,,,5,,,,,,,,,,,,,,,,,1,,,,,,,,,,,,,,VK5RNC 2 Ncte Naracoorte,,,
378,29.6200,147.6750,118.055 MHz,PLUS,FM,VK5RSC 2 - Mt Te,T Sql,141.3,,,5,,,,,,,,,,,,,,,,,1,,,,,,,,,,,,,,VK5RSC 2 - Mt Terrible,,,
379,146.8000,146.2000,0.600 MHz,MINUS,FM,VK5RSE 2 MtGrah ,None,-,,,5,,,,,,,,,,,,,,,,,1,,,,,,,,,,,,,,VK5RSE 2 MtGrah Mt Graham,,,
380,146.6750,146.0750,0.600 MHz,MINUS,FM,VK5RSV 2 - Willu,None,-,,,5,,,,,,,,,,,,,,,,,1,,,,,,,,,,,,,,VK5RSV 2 - Willunga Hill,,,
381,439.8500,434.8500,5.000 MHz,MINUS,FM,VK5RAC 7 - Pilla,None,-,,,5,,,,,,,,,,,,,,,,,1,,,,,,,,,,,,,,VK5RAC 7 - Pillaworta Hill,,,
382,439.9250,434.9250,5.000 MHz,MINUS,FM,VK5RAD 7 - Crafe,None,-,,,5,,,,,,,,,,,,,,,,,1,,,,,,,,,,,,,,VK5RAD 7 - Crafers,,,
383,439.8000,434.8000,5.000 MHz,MINUS,FM,VK5RBV 7 - Mt Ki,None,-,,,5,,,,,,,,,,,,,,,,,1,,,,,,,,,,,,,,VK5RBV 7 - Mt Kitchener,,,
384,438.3250,433.3250,5.000 MHz,MINUS,FM,VK5RCT 7 - Moont,T Sql,91.5,,,5,,,,,,,,,,,,,,,,,1,,,,,,,,,,,,,,VK5RCT 7 - Moonta,,,
385,439.8750,434.8750,5.000 MHz,MINUS,FM,VK5RHO 7 - Anste,None,-,,,5,,,,,,,,,,,,,,,,,1,,,,,,,,,,,,,,VK5RHO 7 - Anstey Hill,,,
386,439.9750,434.9750,5.000 MHz,MINUS,FM,VK5RLZ 7 - Eliza,T Sql,91.5,,,5,,,,,,,,,,,,,,,,,1,,,,,,,,,,,,,,VK5RLZ 7 - Elizabeth,,,
387,439.9500,434.9500,5.000 MHz,MINUS,FM,VK5ROC 7 - Lower,None,-,,,5,,,,,,,,,,,,,,,,,1,,,,,,,,,,,,,,VK5ROC 7 - Lower Light,,,
388,439.8250,434.8250,5.000 MHz,MINUS,FM,VK5ROH 7 MtgUHF ,None,-,,,5,,,,,,,,,,,,,,,,,1,,,,,,,,,,,,,,VK5ROH 7 MtgUHF Blue Lake,,,
389,438.0250,433.0250,5.000 MHz,MINUS,FM,VK5RSA 7 AdlCBD ,None,-,,,5,,,,,,,,,,,,,,,,,1,,,,,,,,,,,,,,VK5RSA 7 AdlCBD Adelaide CBD,,,
390,439.9000,434.9000,5.000 MHz,MINUS,FM,VK5RSB 7 Sumtwn ,T Sql,91.5,,,5,,,,,,,,,,,,,,,,,1,,,,,,,,,,,,,,VK5RSB 7 Sumtwn Summertown,,,
391,438.0750,433.0750,5.000 MHz,MINUS,FM,VK5RSC 7 - Mt Te,None,-,,,5,,,,,,,,,,,,,,,,,1,,,,,,,,,,,,,,VK5RSC 7 - Mt Terrible,,,
392,439.8250,434.8250,5.000 MHz,MINUS,FM,VK5RSCA7 - Mt Te,None,-,,,5,,,,,,,,,,,,,,,,,1,,,,,,,,,,,,,,VK5RSCA7 - Mt Terrible,,,
393,146.8250,146.2250,0.600 MHz,MINUS,FM,VK6RAA 2 MtBark ,None,-,,,5,,,,,,,,,,,,,,,,,,1,,,,,,,,,,,,,VK6RAA 2 MtBark Mt Barker,,,
394,147.0000,146.4000,0.600 MHz,MINUS,FM,VK6RAK 2 Kal Kal,None,-,,,5,,,,,,,,,,,,,,,,,,1,,,,,,,,,,,,,VK6RAK 2 Kal Kalgoorlie,,,
395,146.7250,146.1250,0.600 MHz,MINUS,FM,VK6RAL 2 Albany ,None,-,,,5,,,,,,,,,,,,,,,,,,1,,,,,,,,,,,,,VK6RAL 2 Albany Mt Clarence,,,
396,146.7000,146.1000,0.600 MHz,MINUS,FM,VK6RAP 2 PerSE1 ,None,-,,,5,,,,,,,,,,,,,,,,,,1,,,,,,,,,,,,,VK6RAP 2 PerSE1 Roleystone,,,
397,147.2750,147.8750,0.600 MHz,PLUS,FM,VK6RAV 2 - Hoddy,None,-,,,5,,,,,,,,,,,,,,,,,,1,,,,,,,,,,,,,VK6RAV 2 - Hoddy Well,,,
398,147.0000,146.4000,0.600 MHz,MINUS,FM,VK6RAW 2 Katnng ,None,-,,,5,,,,,,,,,,,,,,,,,,1,,,,,,,,,,,,,VK6RAW 2 Katnng Fairfield,,,
399,147.3500,147.9500,0.600 MHz,PLUS,FM,VK6RBN 2 Busltn ,None,-,,,5,,,,,,,,,,,,,,,,,,1,,,,,,,,,,,,,VK6RBN 2 Busltn Chapman Hill,,,
400,146.6500,146.0500,0.600 MHz,MINUS,FM,VK6RBY 2 Bunbry ,None,-,,,5,,,,,,,,,,,,,,,,,,1,,,,,,,,,,,,,VK6RBY 2 Bunbry Harvey,,,
401,147.2000,147.8000,0.600 MHz,PLUS,FM,VK6RCT 2 Cataby ,None,-,,,5,,,,,,,,,,,,,,,,,,1,,,,,,,,,,,,,VK6RCT 2 Cataby Yandan Hill,,,
402,147.1750,147.7750,0.600 MHz,PLUS,FM,VK6REC 2 Avon C ,None,-,,,5,,,,,,,,,,,,,,,,,,1,,,,,,,,,,,,,VK6REC 2 Avon C Wooroloo,,,
403,146.8500,146.2500,0.600 MHz,MINUS,FM,VK6REX 2 Exmoth ,None,-,,,5,,,,,,,,,,,,,,,,,,1,,,,,,,,,,,,,VK6REX 2 Exmoth Exmouth,,,
404,146.9500,146.3500,0.600 MHz,MINUS,FM,VK6RFM 2 Bicton ,None,-,,,5,,,,,,,,,,,,,,,,,,1,,,,,,,,,,,,,VK6RFM 2 Bicton Attadale,,,
405,147.0000,146.4000,0.600 MHz,MINUS,FM,VK6RGN 2 Grldtn ,None,-,,,5,,,,,,,,,,,,,,,,,,1,,,,,,,,,,,,,VK6RGN 2 Grldtn Geraldton,,,
406,147.3250,147.9250,0.600 MHz,PLUS,FM,VK6RKN 2 Keller ,None,-,,,5,,,,,,,,,,,,,,,,,,1,,,,,,,,,,,,,VK6RKN 2 Keller Kellerberrin,,,
407,146.7500,146.1500,0.600 MHz,MINUS,FM,VK6RLM 2 PerSE2 ,None,-,,,5,,,,,,,,,,,,,,,,,,1,,,,,,,,,,,,,VK6RLM 2 PerSE2 Roleystone,,,
408,147.1500,147.7500,0.600 MHz,PLUS,FM,VK6RMJ 2 Manji M,None,-,,,5,,,,,,,,,,,,,,,,,,1,,,,,,,,,,,,,VK6RMJ 2 Manji Manjimup,,,
409,147.2500,147.8500,0.600 MHz,PLUS,FM,VK6RMS 2 MtSdbk ,None,-,,,5,,,,,,,,,,,,,,,,,,1,,,,,,,,,,,,,VK6RMS 2 MtSdbk Mt Saddleback,,,
410,146.9000,146.3000,0.600 MHz,MINUS,FM,VK6RMW 2 MtWilm ,None,-,,,5,,,,,,,,,,,,,,,,,,1,,,,,,,,,,,,,VK6RMW 2 MtWilm Mt William,,,
411,146.6250,146.0250,0.600 MHz,MINUS,FM,VK6RNC 2 PerNth ,None,-,,,5,,,,,,,,,,,,,,,,,,1,,,,,,,,,,,,,VK6RNC 2 PerNth Wanneroo,,,
412,146.6750,146.0750,0.600 MHz,MINUS,FM,VK6RNR 2 NthHmp ,None,-,,,5,,,,,,,,,,,,,,,,,,1,,,,,,,,,,,,,VK6RNR 2 NthHmp Northampton,,,
413,146.7750,146.1750,0.600 MHz,MINUS,FM,VK6ROO 2 Geldtn ,None,-,,,5,,,,,,,,,,,,,,,,,,1,,,,,,,,,,,,,VK6ROO 2 Geldtn Geraldton,,,
414,147.0750,147.6750,0.600 MHz,PLUS,FM,VK6ROT 2 Rotto R,None,-,,,5,,,,,,,,,,,,,,,,,,1,,,,,,,,,,,,,VK6ROT 2 Rotto Rottnest Is,,,
415,146.8000,146.2000,0.600 MHz,MINUS,FM,VK6RTH 2 PerNE T,None,-,,,5,,,,,,,,,,,,,,,,,,1,,,,,,,,,,,,,VK6RTH 2 PerNE Tic Hill,,,
416,146.6250,146.0250,0.600 MHz,MINUS,FM,VK6RTP 2 TomPrc ,None,-,,,5,,,,,,,,,,,,,,,,,,1,,,,,,,,,,,,,VK6RTP 2 TomPrc Tom Price,,,
417,146.7000,146.1000,0.600 MHz,MINUS,FM,VK6RWR 2 WickHm ,None,-,,,5,,,,,,,,,,,,,,,,,,1,,,,,,,,,,,,,VK6RWR 2 WickHm Wickham,,,
418,439.9500,434.9500,5.000 MHz,MINUS,FM,VK6RAA 7 MtBark ,None,-,,,5,,,,,,,,,,,,,,,,,,1,,,,,,,,,,,,,VK6RAA 7 MtBark Mt Barker,,,
419,439.9500,434.9500,5.000 MHz,MINUS,FM,VK6RAL 7 Albany ,None,-,,,5,,,,,,,,,,,,,,,,,,1,,,,,,,,,,,,,VK6RAL 7 Albany Albany,,,
420,439.8000,434.8000,5.000 MHz,MINUS,FM,VK6RAP 7 PerSE1 ,T Sql,123,,,5,,,,,,,,,,,,,,,,,,1,,,,,,,,,,,,,VK6RAP 7 PerSE1 Roleystone,,,
421,438.5250,433.5250,5.000 MHz,MINUS,FM,VK6RAV 7 - Hoddy,None,-,,,5,,,,,,,,,,,,,,,,,,1,,,,,,,,,,,,,VK6RAV 7 - Hoddy Well,,,
422,438.6750,433.6750,5.000 MHz,MINUS,FM,VK6RBN 7 Busltn ,None,-,,,5,,,,,,,,,,,,,,,,,,1,,,,,,,,,,,,,VK6RBN 7 Busltn Chapman Hill,,,
423,438.6500,433.6500,5.000 MHz,MINUS,FM,VK6RBY 7 Bunbry ,None,-,,,5,,,,,,,,,,,,,,,,,,1,,,,,,,,,,,,,VK6RBY 7 Bunbry Harvey,,,
424,438.5250,433.5250,5.000 MHz,MINUS,FM,VK6RCT 7 Cataby ,None,-,,,5,,,,,,,,,,,,,,,,,,1,,,,,,,,,,,,,VK6RCT 7 Cataby Yandan Hill,,,
425,438.1250,433.1250,5.000 MHz,MINUS,FM,VK6RGF 7 - Kalgo,None,-,,,5,,,,,,,,,,,,,,,,,,1,,,,,,,,,,,,,VK6RGF 7 - Kalgoorlie,,,
426,438.5250,433.5250,5.000 MHz,MINUS,FM,VK6RLM 7 PerSE2 ,None,-,,,5,,,,,,,,,,,,,,,,,,1,,,,,,,,,,,,,VK6RLM 7 PerSE2 Roleystone,,,
427,438.5250,433.5250,5.000 MHz,MINUS,FM,VK6RMS 7 - Boddi,None,-,,,5,,,,,,,,,,,,,,,,,,1,,,,,,,,,,,,,VK6RMS 7 - Boddington,,,
428,438.7250,433.7250,5.000 MHz,MINUS,FM,VK6RNA 7 - Wanne,T Sql,123,,,5,,,,,,,,,,,,,,,,,,1,,,,,,,,,,,,,VK6RNA 7 - Wanneroo,,,
429,439.9250,434.9250,5.000 MHz,MINUS,FM,VK6RNS 7 - White,None,-,,,5,,,,,,,,,,,,,,,,,,1,,,,,,,,,,,,,VK6RNS 7 - Whiteman Park,,,
430,439.7000,434.7000,5.000 MHz,MINUS,FM,VK6ROT 7 Rotto R,None,-,,,5,,,,,,,,,,,,,,,,,,1,,,,,,,,,,,,,VK6ROT 7 Rotto Rottnest Is,,,
431,438.2250,433.2250,5.000 MHz,MINUS,FM,VK6RTH 7 PerNE T,None,-,,,5,,,,,,,,,,,,,,,,,,1,,,,,,,,,,,,,VK6RTH 7 PerNE Tic Hill,,,
432,147.0000,146.4000,0.600 MHz,MINUS,FM,VK7RAA 2 - Mt Ba,None,-,,,5,,,,,,,,,,,,,,,,,,,1,,,,,,,,,,,,VK7RAA 2 - Mt Barrow,,,
433,147.3750,147.9750,0.600 MHz,PLUS,FM,VK7RAC 2 - Table,None,-,,,5,,,,,,,,,,,,,,,,,,,1,,,,,,,,,,,,VK7RAC 2 - Table Cape,,,
434,146.7000,146.1000,0.600 MHz,MINUS,FM,VK7RAD 2 - Queen,T Sql,141.3,,,5,,,,,,,,,,,,,,,,,,,1,,,,,,,,,,,,VK7RAD 2 - Queens Domain,,,
435,147.9750,147.3750,0.600 MHz,MINUS,FM,VK7RADA2 - Queen,T Sql,141.3,,,5,,,,,,,,,,,,,,,,,,,1,,,,,,,,,,,,VK7RADA2 - Queens Domain,,,
436,146.6500,146.0500,0.600 MHz,MINUS,FM,VK7RAF 2 - Mt Fa,T Sql,123,,,5,,,,,,,,,,,,,,,,,,,1,,,,,,,,,,,,VK7RAF 2 - Mt Faulkner,,,
437,146.8000,146.2000,0.600 MHz,MINUS,FM,VK7RAK 2 - Gageb,None,-,,,5,,,,,,,,,,,,,,,,,,,1,,,,,,,,,,,,VK7RAK 2 - Gagebrook,,,
438,147.3000,147.3000,0.000 MHz,PLUS,FM,VK7RBI 2 - Alonn,T Sql,114.8,,,5,,,,,,,,,,,,,,,,,,,1,,,,,,,,,,,,VK7RBI 2 - Alonnah,,,
439,147.8750,146.0750,1.800 MHz,MINUS,FM,VK7RCR 2 - Lenah,T Sql,123,,,5,,,,,,,,,,,,,,,,,,,1,,,,,,,,,,,,VK7RCR 2 - Lenah Valley,,,
440,146.9000,146.3000,0.600 MHz,MINUS,FM,VK7REC 2 - Snow ,None,-,,,5,,,,,,,,,,,,,,,,,,,1,,,,,,,,,,,,VK7REC 2 - Snow Hill,,,
441,146.8500,146.2500,0.600 MHz,MINUS,FM,VK7RHT 2 - Snug ,None,-,,,5,,,,,,,,,,,,,,,,,,,1,,,,,,,,,,,,VK7RHT 2 - Snug Tiers,,,
442,146.6250,146.0250,0.600 MHz,MINUS,FM,VK7RMD 2 - Mt Du,None,-,,,5,,,,,,,,,,,,,,,,,,,1,,,,,,,,,,,,VK7RMD 2 - Mt Duncan,,,
443,146.7500,146.1500,0.600 MHz,MINUS,FM,VK7RNW 2 - Ulver,None,-,,,5,,,,,,,,,,,,,,,,,,,1,,,,,,,,,,,,VK7RNW 2 - Ulverstone West,,,
444,146.7750,146.1750,0.600 MHz,MINUS,FM,VK7RTV 2 - Stowp,None,-,,,5,,,,,,,,,,,,,,,,,,,1,,,,,,,,,,,,VK7RTV 2 - Stowport,,,
445,147.0750,147.6750,0.600 MHz,PLUS,FM,VK7RWC 2 - Mt Re,T Sql,123,,,5,,,,,,,,,,,,,,,,,,,1,,,,,,,,,,,,VK7RWC 2 - Mt Read,,,
446,438.5500,433.5500,5.000 MHz,MINUS,FM,VK7RAB 7 - Mt Ar,None,-,,,5,,,,,,,,,,,,,,,,,,,1,,,,,,,,,,,,VK7RAB 7 - Mt Arthur,,,
447,438.6500,433.6500,5.000 MHz,MINUS,FM,VK7RAC 7 - Table,T Sql,141.3,,,5,,,,,,,,,,,,,,,,,,,1,,,,,,,,,,,,VK7RAC 7 - Table Cape,,,
448,438.5500,433.5500,5.000 MHz,MINUS,FM,VK7RAF 7 - Mt Fa,None,-,,,5,,,,,,,,,,,,,,,,,,,1,,,,,,,,,,,,VK7RAF 7 - Mt Faulkner,,,
449,438.7000,433.7000,5.000 MHz,MINUS,FM,VK7RAK 7 - Gageb,None,-,,,5,,,,,,,,,,,,,,,,,,,1,,,,,,,,,,,,VK7RAK 7 - Gagebrook,,,
450,439.9000,434.9000,5.000 MHz,MINUS,FM,VK7RAL 7 - Compa,T Sql,141.3,,,5,,,,,,,,,,,,,,,,,,,1,,,,,,,,,,,,VK7RAL 7 - Companion Hill,,,
451,438.0500,433.0500,5.000 MHz,MINUS,FM,VK7RBH 7 - Ben L,None,-,,,5,,,,,,,,,,,,,,,,,,,1,,,,,,,,,,,,VK7RBH 7 - Ben Lomond,,,
452,438.5750,433.5750,5.000 MHz,MINUS,FM,VK7RCH 7 - Grey ,T Sql,123,,,5,,,,,,,,,,,,,,,,,,,1,,,,,,,,,,,,VK7RCH 7 - Grey Mountain,,,
453,438.5250,433.5250,5.000 MHz,MINUS,FM,VK7RCR 7 - Lenah,T Sql,91.5,,,5,,,,,,,,,,,,,,,,,,,1,,,,,,,,,,,,VK7RCR 7 - Lenah Valley,,,
454,439.7750,434.7750,5.000 MHz,MINUS,FM,VK7RDR 7 - Dazzl,T Sql,91.5,,,5,,,,,,,,,,,,,,,,,,,1,,,,,,,,,,,,VK7RDR 7 - Dazzler Range,,,
455,439.7500,434.7500,5.000 MHz,MINUS,FM,VK7RDS 7 - Mt Ne,None,-,,,5,,,,,,,,,,,,,,,,,,,1,,,,,,,,,,,,VK7RDS 7 - Mt Nelson,,,
456,439.7000,434.7000,5.000 MHz,MINUS,FM,VK7REC 7 - Snow ,None,-,,,5,,,,,,,,,,,,,,,,,,,1,,,,,,,,,,,,VK7REC 7 - Snow Hill,,,
457,438.5000,433.5000,5.000 MHz,MINUS,FM,VK7RIN 7 - Barre,None,-,,,5,,,,,,,,,,,,,,,,,,,1,,,,,,,,,,,,VK7RIN 7 - Barren Tier,,,
458,438.6000,433.6000,5.000 MHz,MINUS,FM,VK7RMD 7 - Mt Du,T Sql,141.3,,,5,,,,,,,,,,,,,,,,,,,1,,,,,,,,,,,,VK7RMD 7 - Mt Duncan,,,
459,439.9500,434.9500,5.000 MHz,MINUS,FM,VK7RML 7 - Mt Ll,T Sql,141.3,,,5,,,,,,,,,,,,,,,,,,,1,,,,,,,,,,,,VK7RML 7 - Mt Lloyd,,,
460,439.8250,434.8250,5.000 MHz,MINUS,FM,VK7RTC 7 - Mt We,T Sql,91.5,,,5,,,,,,,,,,,,,,,,,,,1,,,,,,,,,,,,VK7RTC 7 - Mt Wellington,,,
461,146.9500,146.3500,0.600 MHz,MINUS,FM,VK8RCA 2 ASpr2 W,T Sql,91.5,,,5,,,,,,,,,,,,,,,,,1,,,,,,,,,,,,,,VK8RCA 2 ASpr2 West Gap,,,
462,146.9000,146.3000,0.600 MHz,MINUS,FM,VK8RDA 2 - Darwi,T Sql,123,,,5,,,,,,,,,,,,,,,,,1,,,,,,,,,,,,,,VK8RDA 2 - Darwin,,,
463,146.9500,146.3500,0.600 MHz,MINUS,FM,VK8RPD 2 - Moil,None,-,,,5,,,,,,,,,,,,,,,,,1,,,,,,,,,,,,,,VK8RPD 2 - Moil,,,
464,147.0000,146.4000,0.600 MHz,MINUS,FM,VK8RTE 2 - Larra,T Sql,123,,,5,,,,,,,,,,,,,,,,,1,,,,,,,,,,,,,,VK8RTE 2 - Larrakeyah,,,
465,146.8000,146.2000,0.600 MHz,MINUS,FM,VK8RWI 2 - Marra,T Sql,123,,,5,,,,,,,,,,,,,,,,,1,,,,,,,,,,,,,,VK8RWI 2 - Marrara,,,
466,438.2750,433.2750,5.000 MHz,MINUS,FM,VK8RDA 7 - Darwi,T Sql,91.5,,,5,,,,,,,,,,,,,,,,,1,,,,,,,,,,,,,,VK8RDA 7 - Darwin,,,
467,438.5250,433.5250,5.000 MHz,MINUS,FM,VK8RIT 7 ASpr70 ,T Sql,91.5,,,5,,,,,,,,,,,,,,,,,1,,,,,,,,,,,,,,VK8RIT 7 ASpr70 West Gap,,,
468,439.9750,434.9750,5.000 MHz,MINUS,FM,VK8RWI 7 - Marra,T Sql,91.5,,,5,,,,,,,,,,,,,,,,,1,,,,,,,,,,,,,,VK8RWI 7 - Marrara,,,
469,145.1750,145.1750,0.000 MHz,SIMPLEX,FM,APRSAU APRSAU ,None,-,,,5,,,,,,,,,,,,,,,,,,,,1,,,,,,,,,,,APRSAU APRSAU ,,,
470,145.2000,145.2000,0.000 MHz,SIMPLEX,FM,APRWIC Wicen ,None,-,,,5,,,,,,,,,,,,,,,,,,,,1,,,,,,,,,,,APRWIC Wicen ,,,
471,145.8250,145.8250,0.000 MHz,SIMPLEX,FM,APRISS APRISS ,None,-,,,5,,,,,,,,,,,,,,,,,,,,1,,,,,,,,,,,APRISS APRISS ,,,
472,144.9300,144.9300,0.000 MHz,SIMPLEX,FM,APRSAR APRSAR ,None,-,,,5,,,,,,,,,,,,,,,,,,,,1,,,,,,,,,,,APRSAR APRSAR ,,,
473,145.5750,145.5750,0.000 MHz,SIMPLEX,FM,APRSBR APRSBR ,None,-,,,5,,,,,,,,,,,,,,,,,,,,1,,,,,,,,,,,APRSBR APRSBR ,,,
474,144.6400,144.6400,0.000 MHz,SIMPLEX,FM,APRSCN APRSCN ,None,-,,,5,,,,,,,,,,,,,,,,,,,,1,,,,,,,,,,,APRSCN APRSCN ,,,
475,144.8000,144.8000,0.000 MHz,SIMPLEX,FM,APRSCR APRSCR ,None,-,,,5,,,,,,,,,,,,,,,,,,,,1,,,,,,,,,,,APRSCR APRSCR ,,,
476,144.8000,144.8000,0.000 MHz,SIMPLEX,FM,APRSEU APRSEU ,None,-,,,5,,,,,,,,,,,,,,,,,,,,1,,,,,,,,,,,APRSEU APRSEU ,,,
477,144.6600,144.6600,0.000 MHz,SIMPLEX,FM,APRSJP APRSJP ,None,-,,,5,,,,,,,,,,,,,,,,,,,,1,,,,,,,,,,,APRSJP APRSJP ,,,
478,144.6200,144.6200,0.000 MHz,SIMPLEX,FM,APRSKO APRSKO ,None,-,,,5,,,,,,,,,,,,,,,,,,,,1,,,,,,,,,,,APRSKO APRSKO ,,,
479,144.5750,144.5750,0.000 MHz,SIMPLEX,FM,APRSNZ APRSNZ ,None,-,,,5,,,,,,,,,,,,,,,,,,,,1,,,,,,,,,,,APRSNZ APRSNZ ,,,
480,144.5250,144.5250,0.000 MHz,SIMPLEX,FM,APRSTH APRSTH ,None,-,,,5,,,,,,,,,,,,,,,,,,,,1,,,,,,,,,,,APRSTH APRSTH ,,,
481,144.3900,144.3900,0.000 MHz,SIMPLEX,FM,APRSUS APRSUS ,None,-,,,5,,,,,,,,,,,,,,,,,,,,1,,,,,,,,,,,APRSUS APRSUS ,,,
482,145.0100,145.0100,0.000 MHz,SIMPLEX,FM,APRSVE APRSVE ,None,-,,,5,,,,,,,,,,,,,,,,,,,,1,,,,,,,,,,,APRSVE APRSVE ,,,
483,432.7125,432.7125,0.000 MHz,SIMPLEX,FM,S27125 S27125 SY,None,-,,,5,,,,,,,,,,,,1,,,,,,,,,,,,,,,,,,,S27125 S27125 SYDROZ 4327125,,,
484,147.0250,147.0250,0.000 MHz,SIMPLEX,FM,S7025 S7025 Padd,None,-,,,5,,,,,,,,,,,,1,,,,,,,,,,,,,,,,,,,S7025 S7025 Paddo 147025,,,
485,147.6250,147.6250,0.000 MHz,SIMPLEX,FM,S7625 S7625 Padd,None,-,,,5,,,,,,,,,,,,1,,,,,,,,,,,,,,,,,,,S7625 S7625 Paddo 147625,,,
486,438.1125,438.1125,0.000 MHz,SIMPLEX,FM,S81125 S81125 SY,None,-,,,5,,,,,,,,,,,,1,,,,,,,,,,,,,,,,,,,S81125 S81125 SYDROZ 4381125,,,
487,433.8000,433.8000,0.000 MHz,SIMPLEX,FM,W3800 W3800 Wice,None,-,,,5,,,,,,,,,,,,1,,,,,,,,,,,,,,,,,,,W3800 W3800 Wicen,,,
488,147.1250,147.1250,0.000 MHz,SIMPLEX,FM,W7125 W7125 Wice,None,-,,,5,,,,,,,,,,,,1,,,,,,,,,,,,,,,,,,,W7125 W7125 Wicen 7125 Out,,,
489,147.1500,147.1500,0.000 MHz,SIMPLEX,FM,W7150 W7150 Wice,None,-,,,5,,,,,,,,,,,,1,,,,,,,,,,,,,,,,,,,W7150 W7150 Wicen 7150 Out,,,
490,147.1750,147.1750,0.000 MHz,SIMPLEX,FM,W7175 W7175 Wice,None,-,,,5,,,,,,,,,,,,1,,,,,,,,,,,,,,,,,,,W7175 W7175 Wicen 7175 Out,,,
491,147.5000,147.5000,0.000 MHz,SIMPLEX,FM,W7500 W7750 Wice,None,-,,,5,,,,,,,,,,,,1,,,,,,,,,,,,,,,,,,,W7500 W7750 Wicen Simp,,,
492,147.7250,147.7250,0.000 MHz,SIMPLEX,FM,W7725 W7725 Wice,None,-,,,5,,,,,,,,,,,,1,,,,,,,,,,,,,,,,,,,W7725 W7725 Wicen 7125 Rev,,,
493,147.7500,147.7500,0.000 MHz,SIMPLEX,FM,W7750 W7750 Wice,None,-,,,5,,,,,,,,,,,,1,,,,,,,,,,,,,,,,,,,W7750 W7750 Wicen 7150 Rev,,,
494,147.7750,147.7750,0.000 MHz,SIMPLEX,FM,W7775 W7775 Wice,None,-,,,5,,,,,,,,,,,,1,,,,,,,,,,,,,,,,,,,W7775 W7775 Wicen 7175 Rev,,,
495,438.2750,438.2750,0.000 MHz,SIMPLEX,FM,W8275 W8275 Wice,None,-,,,5,,,,,,,,,,,,1,,,,,,,,,,,,,,,,,,,W8275 W8275 Wicen,,,
496,438.6250,438.6250,0.000 MHz,SIMPLEX,FM,W8625 W8625 Wice,None,-,,,5,,,,,,,,,,,,1,,,,,,,,,,,,,,,,,,,W8625 W8625 Wicen,,,
497,438.8000,438.8000,0.000 MHz,SIMPLEX,FM,W8800 W8800 Wice,None,-,,,5,,,,,,,,,,,,1,,,,,,,,,,,,,,,,,,,W8800 W8800 Wicen,,,
498,439.9250,439.9250,0.000 MHz,SIMPLEX,FM,W9925 W9925 Wice,None,-,,,5,,,,,,,,,,,,1,,,,,,,,,,,,,,,,,,,W9925 W9925 Wicen,,,
499,439.9750,439.9750,0.000 MHz,SIMPLEX,FM,W9975 W9975 Wice,None,-,,,5,,,,,,,,,,,,1,,,,,,,,,,,,,,,,,,,W9975 W9975 Wicen,,,
500,145.2000,145.2000,0.000 MHz,SIMPLEX,FM,WicenPkt WICENP ,None,-,,,5,,,,,,,,,,,,1,,,,,,,,,,,,,,,,,,,WicenPkt WICENP WICEN PKT,,,
501,147.1250,147.7250,0.600 MHz,PLUS,FM,VK1RWP 2 - porta,None,-,,,5,,,,,,,,,,,,1,,,,,,,,,,,,,,,,,,,VK1RWP 2 - portable,,,
502,147.1500,147.7500,0.600 MHz,PLUS,FM,VK1RWPA2 - porta,None,-,,,5,,,,,,,,,,,,1,,,,,,,,,,,,,,,,,,,VK1RWPA2 - portable,,,
503,147.1750,147.7750,0.600 MHz,PLUS,FM,VK1RWPB2 - porta,None,-,,,5,,,,,,,,,,,,1,,,,,,,,,,,,,,,,,,,VK1RWPB2 - portable,,,
504,147.1250,147.7250,0.600 MHz,PLUS,FM,VK2RAV 2 - porta,None,-,,,5,,,,,,,,,,,,1,,,,,,,,,,,,,,,,,,,VK2RAV 2 - portable,,,
505,147.1500,147.7500,0.600 MHz,PLUS,FM,VK2RAVA2 - porta,None,-,,,5,,,,,,,,,,,,1,,,,,,,,,,,,,,,,,,,VK2RAVA2 - portable,,,
506,147.1750,147.7750,0.600 MHz,PLUS,FM,VK2RAVB2 - porta,None,-,,,5,,,,,,,,,,,,1,,,,,,,,,,,,,,,,,,,VK2RAVB2 - portable,,,
507,147.1750,147.7750,0.600 MHz,PLUS,FM,VK2REP 2 - porta,None,-,,,5,,,,,,,,,,,,1,,,,,,,,,,,,,,,,,,,VK2REP 2 - portable,,,
508,147.1750,147.7750,0.600 MHz,PLUS,FM,VK2RFI 2 - porta,None,-,,,5,,,,,,,,,,,,1,,,,,,,,,,,,,,,,,,,VK2RFI 2 - portable,,,
509,439.9250,434.9250,5.000 MHz,MINUS,FM,VK1RWP 7 - porta,None,-,,,5,,,,,,,,,,,,1,,,,,,,,,,,,,,,,,,,VK1RWP 7 - portable,,,
510,439.9750,434.9750,5.000 MHz,MINUS,FM,VK1RWPA7 - porta,None,-,,,5,,,,,,,,,,,,1,,,,,,,,,,,,,,,,,,,VK1RWPA7 - portable,,,
511,439.9250,434.9250,5.000 MHz,MINUS,FM,VK2RAF 7 - porta,None,-,,,5,,,,,,,,,,,,1,,,,,,,,,,,,,,,,,,,VK2RAF 7 - portable,,,
512,439.8750,434.8750,5.000 MHz,MINUS,FM,VK2RAH 7 - porta,None,-,,,5,,,,,,,,,,,,1,,,,,,,,,,,,,,,,,,,VK2RAH 7 - portable,,,
513,439.5250,434.5250,5.000 MHz,MINUS,FM,VK2RAV 7 - porta,None,-,,,5,,,,,,,,,,,,1,,,,,,,,,,,,,,,,,,,VK2RAV 7 - portable,,,
514,439.6250,434.6250,5.000 MHz,MINUS,FM,VK2RFI 7 - porta,None,-,,,5,,,,,,,,,,,,1,,,,,,,,,,,,,,,,,,,VK2RFI 7 - portable,,,
515,146.9250,146.3250,0.600 MHz,MINUS,FM,VK3RPW 2 - porta,None,-,,,5,,,,,,,,,,,,1,,,,,,,,,,,,,,,,,,,VK3RPW 2 - portable,,,
516,146.9750,146.3750,0.600 MHz,MINUS,FM,VK3RSR 2 - porta,None,-,,,5,,,,,,,,,,,,1,,,,,,,,,,,,,,,,,,,VK3RSR 2 - portable,,,
517,146.9250,146.3250,0.600 MHz,MINUS,FM,VK3RWE 2 - porta,None,-,,,5,,,,,,,,,,,,1,,,,,,,,,,,,,,,,,,,VK3RWE 2 - portable,,,
518,147.3000,147.9000,0.600 MHz,PLUS,FM,VK3RWEA2 - porta,None,-,,,5,,,,,,,,,,,,1,,,,,,,,,,,,,,,,,,,VK3RWEA2 - portable,,,
519,146.9250,146.3250,0.600 MHz,MINUS,FM,VK3RWI 2 - porta,None,-,,,5,,,,,,,,,,,,1,,,,,,,,,,,,,,,,,,,VK3RWI 2 - portable,,,
520,146.9250,146.3250,0.600 MHz,MINUS,FM,VK3RWP 2 - porta,None,-,,,5,,,,,,,,,,,,1,,,,,,,,,,,,,,,,,,,VK3RWP 2 - portable,,,
521,147.3000,147.9000,0.600 MHz,PLUS,FM,VK3RWPA2 - porta,None,-,,,5,,,,,,,,,,,,1,,,,,,,,,,,,,,,,,,,VK3RWPA2 - portable,,,
522,146.9250,146.3250,0.600 MHz,MINUS,FM,VK3RWR 2 - porta,None,-,,,5,,,,,,,,,,,,1,,,,,,,,,,,,,,,,,,,VK3RWR 2 - portable,,,
523,147.3000,147.9000,0.600 MHz,PLUS,FM,VK3RWRA2 - porta,None,-,,,5,,,,,,,,,,,,1,,,,,,,,,,,,,,,,,,,VK3RWRA2 - portable,,,
524,438.2750,433.2750,5.000 MHz,MINUS,FM,VK3RPW 7 - porta,None,-,,,5,,,,,,,,,,,,1,,,,,,,,,,,,,,,,,,,VK3RPW 7 - portable,,,
525,438.6250,433.6250,5.000 MHz,MINUS,FM,VK3RPWA7 - porta,None,-,,,5,,,,,,,,,,,,1,,,,,,,,,,,,,,,,,,,VK3RPWA7 - portable,,,
526,439.9750,434.9750,5.000 MHz,MINUS,FM,VK3RSS 7 - porta,None,-,,,5,,,,,,,,,,,,1,,,,,,,,,,,,,,,,,,,VK3RSS 7 - portable,,,
527,438.2750,433.2750,5.000 MHz,MINUS,FM,VK3RWE 7 - porta,None,-,,,5,,,,,,,,,,,,1,,,,,,,,,,,,,,,,,,,VK3RWE 7 - portable,,,
528,438.6250,433.6250,5.000 MHz,MINUS,FM,VK3RWEA7 - porta,None,-,,,5,,,,,,,,,,,,1,,,,,,,,,,,,,,,,,,,VK3RWEA7 - portable,,,
529,438.2750,433.2750,5.000 MHz,MINUS,FM,VK3RWI 7 - porta,None,-,,,5,,,,,,,,,,,,1,,,,,,,,,,,,,,,,,,,VK3RWI 7 - portable,,,
530,438.6250,433.6250,5.000 MHz,MINUS,FM,VK3RWIA7 - porta,None,-,,,5,,,,,,,,,,,,1,,,,,,,,,,,,,,,,,,,VK3RWIA7 - portable,,,
531,438.6250,433.6250,5.000 MHz,MINUS,FM,VK3RWP 7 - porta,None,-,,,5,,,,,,,,,,,,1,,,,,,,,,,,,,,,,,,,VK3RWP 7 - portable,,,
532,439.9250,434.9250,5.000 MHz,MINUS,FM,VK3RWPA7 - porta,None,-,,,5,,,,,,,,,,,,1,,,,,,,,,,,,,,,,,,,VK3RWPA7 - portable,,,
533,439.9750,434.9750,5.000 MHz,MINUS,FM,VK3RWPB7 - porta,None,-,,,5,,,,,,,,,,,,1,,,,,,,,,,,,,,,,,,,VK3RWPB7 - portable,,,
534,438.2750,433.2750,5.000 MHz,MINUS,FM,VK3RWR 7 - porta,None,-,,,5,,,,,,,,,,,,1,,,,,,,,,,,,,,,,,,,VK3RWR 7 - portable,,,
535,438.6250,433.6250,5.000 MHz,MINUS,FM,VK3RWRA7 - porta,None,-,,,5,,,,,,,,,,,,1,,,,,,,,,,,,,,,,,,,VK3RWRA7 - portable,,,
536,147.1500,147.7500,0.600 MHz,PLUS,FM,VK4RWI 2 - porta,None,-,,,5,,,,,,,,,,,,1,,,,,,,,,,,,,,,,,,,VK4RWI 2 - portable,,,
537,438.6250,433.6250,5.000 MHz,MINUS,FM,VK4RWI 7 - porta,None,-,,,5,,,,,,,,,,,,1,,,,,,,,,,,,,,,,,,,VK4RWI 7 - portable,,,
538,147.2000,147.8000,0.600 MHz,PLUS,FM,VK5RBP 2 - porta,None,-,,,5,,,,,,,,,,,,,,,,,1,,,,,,,,,,,,,,VK5RBP 2 - portable,,,
539,147.3000,147.9000,0.600 MHz,PLUS,FM,VK5RWI 2 - porta,None,-,,,5,,,,,,,,,,,,,,,,,1,,,,,,,,,,,,,,VK5RWI 2 - portable,,,
540,438.2000,433.2000,5.000 MHz,MINUS,FM,VK5RBP 7 - porta,None,-,,,5,,,,,,,,,,,,,,,,,1,,,,,,,,,,,,,,VK5RBP 7 - portable,,,
541,146.8750,146.2750,0.600 MHz,MINUS,FM,VK6RIC 2 - porta,None,-,,,5,,,,,,,,,,,,,,,,,,1,,,,,,,,,,,,,VK6RIC 2 - portable,,,
542,147.0250,147.6250,0.600 MHz,PLUS,FM,VK6RPT 2 - porta,None,-,,,5,,,,,,,,,,,,,,,,,,1,,,,,,,,,,,,,VK6RPT 2 - portable,,,
543,147.6250,147.0250,0.600 MHz,MINUS,FM,VK6RPTA2 - porta,None,-,,,5,,,,,,,,,,,,,,,,,,1,,,,,,,,,,,,,VK6RPTA2 - portable,,,
544,146.9750,146.3750,0.600 MHz,MINUS,FM,VK6RSH 2 - porta,None,-,,,5,,,,,,,,,,,,,,,,,,1,,,,,,,,,,,,,VK6RSH 2 - portable,,,
545,439.9500,434.9500,5.000 MHz,MINUS,FM,VK6RAR 7 - porta,None,-,,,5,,,,,,,,,,,,,,,,,,1,,,,,,,,,,,,,VK6RAR 7 - portable,,,
546,438.0250,433.0250,5.000 MHz,MINUS,FM,VK6RPT 7 - porta,None,-,,,5,,,,,,,,,,,,,,,,,,1,,,,,,,,,,,,,VK6RPT 7 - portable,,,
547,441.1250,441.1250,0.000 MHz,SIMPLEX,DV,DV4Min 4 DV4C4F ,None,-,,,1,,,,,,,,,,,,,,,,,,,,,1,,,,,,,,,,DV4Min 4 DV4C4F Sydney,,,
548,441.0750,441.0750,0.000 MHz,SIMPLEX,DV,VK2PSF 4 HRI200 ,None,-,,,1,,,,,,,,,,,,,,,,,,,,,1,,,,,,,,,,VK2PSF 4 HRI200 Sydney,,,
