Channel Number,Receive Frequency,Transmit Frequency,Offset Frequency,Offset Direction,Operating Mode,Name,Tone Mode,CTCSS,DCS,DCS Polarity,Tx Power,Skip,Step,Attenuator,Clock Shift,Half Dev,Vibrator,Fav,SYDCBD,VK2Sth,VK2Nth,VK2West,WICEN,MELCBD,VK3,VK4SE,VK4,VK5-8,VK6,VK7,APRS,Test,BANK16,BANK17,BANK18,BANK19,BANK20,BANK21,C4FM,Marine Fav,Marine,Comment,User CTCSS,S-Meter Squelch,Bell,
1,438.1125,432.7125,5.400 MHz,MINUS,FM,VK2ROZ 7 - Sydne,T Sql,91.5,,,2.5,,,,,,1,1,1,,,,,,,,,,,,,,,,,,,,,,,VK2ROZ 7 - Sydney CBD,,,
2,438.1125,432.7125,5.400 MHz,MINUS,DV,VK2ROZ 4 - Sydne,None,-,,,2.5,,,,,,1,1,1,,,,,,,,,,,,,,,,,,,,1,,,VK2ROZ 4 - Sydney CBD,,,
3,147.0250,147.6250,0.600 MHz,PLUS,FM,VK2ROT 2 Paddo P,T Sql,91.5,,,2.5,,,,,,1,1,1,,,,,,,,,,,,,,,,,,,,,,,VK2ROT 2 Paddo Paddington,,,
4,438.5750,433.5750,5.000 MHz,MINUS,FM,VK2ROT 7 Paddo P,T Sql,91.5,,,2.5,,,,,,1,1,1,,,,,,,,,,,,,,,,,,,,,,,VK2ROT 7 Paddo Paddington,,,
5,439.8000,434.8000,5.000 MHz,MINUS,FM,VK2RCG 7 - Sydne,T Sql,91.5,,,2.5,,,,,,1,1,1,,,,,,,,,,,,,,,,,,,,,,,VK2RCG 7 - Sydney,,,
6,438.4500,433.4500,5.000 MHz,MINUS,FM,VK2RCF 7 - Carli,T Sql,91.5,,,2.5,,,,,,1,1,1,,,,,,,,,,,,,,,,,,,,,,,VK2RCF 7 - Carlingford,,,
7,147.0000,146.4000,0.600 MHz,MINUS,FM,VK2RWI 2 Dural D,None,-,,,2.5,,,,,,1,1,1,,,,,,,,,,,,,,,,,,,,,,,VK2RWI 2 Dural Dural,,,
8,438.5250,433.5250,5.000 MHz,MINUS,FM,VK2RWI 7 Dural D,None,-,,,2.5,,,,,,1,1,1,,,,,,,,,,,,,,,,,,,,,,,VK2RWI 7 Dural Dural,,,
9,438.6000,433.6000,5.000 MHz,MINUS,FM,VK2RWIA7 Dural1 ,None,-,,,2.5,,,,,,1,1,1,,,,,,,,,,,,,,,,,,,,,,,VK2RWIA7 Dural1 Dural,,,
10,439.9000,434.9000,5.000 MHz,MINUS,FM,VK2RWIB7 Dural2 ,None,-,,,2.5,,,,,,1,1,1,,,,,,,,,,,,,,,,,,,,,,,VK2RWIB7 Dural2 Dural,,,
11,146.8500,146.2500,0.600 MHz,MINUS,FM,VK2RMP 2 Maddns ,None,-,,,2.5,,,,,,1,1,1,,,,,,,,,,,,,,,,,,,,,,,VK2RMP 2 Maddns Maddens Plains,,,
12,438.7250,433.7250,5.000 MHz,MINUS,FM,VK2RMP 7 Maddns ,T Sql,123,,,2.5,,,,,,1,1,1,,,,,,,,,,,,,,,,,,,,,,,VK2RMP 7 Maddns Maddens Plains,,,
13,147.0500,147.6500,0.600 MHz,PLUS,FM,VK2RBM 2 Lawsn1 ,T Sql,123,,,2.5,,,,,,1,1,,,1,,,,,,,,,,,,,,,,,,,,,VK2RBM 2 Lawsn1 Lawson,,,
14,438.3750,433.3750,5.000 MHz,MINUS,FM,VK2RBM 7 Lawsn1 ,T Sql,123,,,2.5,,,,,,1,1,,,1,,,,,,,,,,,,,,,,,,,,,VK2RBM 7 Lawsn1 Lawson,,,
15,146.7250,146.1250,0.600 MHz,MINUS,FM,VK2RAG 2 Someb S,T Sql,91.5,,,2.5,,,,,,,,1,,,,,,,,,,,,,,,,,,,,,,,VK2RAG 2 Someb Somersby,,,
16,147.1250,147.7250,0.600 MHz,PLUS,FM,VK2RAGA2 Someb1 ,T Sql,91.5,,,2.5,,,,,,,,1,,,,,,,,,,,,,,,,,,,,,,,VK2RAGA2 Someb1 Somersby,,,
17,147.0750,147.6750,0.600 MHz,PLUS,FM,VK2RCZ 2 Lalor L,T Sql,123,,,2.5,,,,,,,,1,,,,,,,,,,,,,,,,,,,,,,,VK2RCZ 2 Lalor Lalor Park,,,
18,146.9250,146.3250,0.600 MHz,MINUS,FM,VK2RGR 2 NRyde N,None,-,,,2.5,,,,,,,,1,,,,,,,,,,,,,,,,,,,,,,,VK2RGR 2 NRyde North Ryde,,,
19,146.8000,146.2000,0.600 MHz,MINUS,FM,VK2RLE 2 HCote E,None,-,,,2.5,,,,,,,,1,,,,,,,,,,,,,,,,,,,,,,,VK2RLE 2 HCote Engadine,,,
20,146.8750,146.2750,0.600 MHz,MINUS,FM,VK2RMB 2 THills ,None,-,,,2.5,,,,,,,,1,,,,,,,,,,,,,,,,,,,,,,,VK2RMB 2 THills Terrey Hills,,,
21,147.2500,147.8500,0.600 MHz,PLUS,FM,VK2RNS 2 Asqith ,None,-,,,2.5,,,,,,,,1,,,,,,,,,,,,,,,,,,,,,,,VK2RNS 2 Asqith Asquith,,,
22,147.2750,147.8750,0.600 MHz,PLUS,FM,VK2RRR 2 Razor R,None,-,,,2.5,,,,,,,,1,,,,,,,,,,,,,,,,,,,,,,,VK2RRR 2 Razor Razorback Range,,,
23,147.2250,147.8250,0.600 MHz,PLUS,FM,VK2RST 2 Lewshm ,None,-,,,2.5,,,,,,,,1,,,,,,,,,,,,,,,,,,,,,,,VK2RST 2 Lewshm Lewisham,,,
24,147.1500,147.7500,0.600 MHz,PLUS,FM,VK2RWC 2 Chats1 ,T Sql,91.5,,,2.5,,,,,,,,1,,,,,,,,,,,,,,,,,,,,,,,VK2RWC 2 Chats1 Chatswood,,,
25,147.1750,147.7750,0.600 MHz,PLUS,FM,VK2RWS 2 - porta,None,-,,,2.5,,,,,,,,1,,,,,,,,,,,,,,,,,,,,,,,VK2RWS 2 - portable,,,
26,438.0750,433.0750,5.000 MHz,MINUS,FM,VK2RAG 7 Someb S,T Sql,91.5,,,2.5,,,,,,,,1,,,,,,,,,,,,,,,,,,,,,,,VK2RAG 7 Someb Somersby,,,
27,439.5250,434.5250,5.000 MHz,MINUS,FM,VK2RAGA7 Someb1 ,T Sql,91.5,,,2.5,,,,,,,,1,,,,,,,,,,,,,,,,,,,,,,,VK2RAGA7 Someb1 Somersby,,,
28,439.7250,434.7250,5.000 MHz,MINUS,FM,VK2RAGB7 Someb2 ,T Sql,91.5,,,2.5,,,,,,,,1,,,,,,,,,,,,,,,,,,,,,,,VK2RAGB7 Someb2 Somersby,,,
29,439.9500,434.9500,5.000 MHz,MINUS,FM,VK2RAGC7 Someb3 ,T Sql,91.5,,,2.5,,,,,,,,1,,,,,,,,,,,,,,,,,,,,,,,VK2RAGC7 Someb3 Somersby,,,
30,438.6500,433.6500,5.000 MHz,MINUS,FM,VK2RCT 7 - Campb,T Sql,91.5,,,2.5,,,,,,,,1,,,,,,,,,,,,,,,,,,,,,,,VK2RCT 7 - Campbelltown,,,
31,439.4250,434.4250,5.000 MHz,MINUS,FM,VK2RCZ 7 Lalor L,None,-,,,2.5,,,,,,,,1,,,,,,,,,,,,,,,,,,,,,,,VK2RCZ 7 Lalor Lalor Park,,,
32,438.6500,433.6500,5.000 MHz,MINUS,FM,VK2RDC 7 - Woy W,T Sql,91.5,,,2.5,,,,,,,,1,,,,,,,,,,,,,,,,,,,,,,,VK2RDC 7 - Woy Woy,,,
33,439.4750,434.4750,5.000 MHz,MINUS,FM,VK2RGW 7 - Glenw,None,-,,,2.5,,,,,,,,1,,,,,,,,,,,,,,,,,,,,,,,VK2RGW 7 - Glenwood,,,
34,438.5500,433.5500,5.000 MHz,MINUS,FM,VK2RHC 7 - Hurst,T Sql,91.5,,,2.5,,,,,,,,1,,,,,,,,,,,,,,,,,,,,,,,VK2RHC 7 - Hurstville,,,
35,439.7500,434.7500,5.000 MHz,MINUS,FM,VK2RHP 7 - Horsl,None,-,,,2.5,,,,,,,,1,,,,,,,,,,,,,,,,,,,,,,,VK2RHP 7 - Horsley Park,,,
36,438.3500,432.9500,5.400 MHz,MINUS,FM,VK2RHT 7 Chats C,T Sql,91.5,,,2.5,,,,,,,,1,,,,,,,,,,,,,,,,,,,,,,,VK2RHT 7 Chats Chatswood,,,
37,438.4250,433.4250,5.000 MHz,MINUS,FM,VK2RLE 7 HCote E,None,-,,,2.5,,,,,,,,1,,,,,,,,,,,,,,,,,,,,,,,VK2RLE 7 HCote Engadine,,,
38,438.1750,433.1750,5.000 MHz,MINUS,FM,VK2RMB 7 THills ,T Sql,91.5,,,2.5,,,,,,,,1,,,,,,,,,,,,,,,,,,,,,,,VK2RMB 7 THills Terrey Hills,,,
39,439.5750,434.5750,5.000 MHz,MINUS,FM,VK2RMR 7 - Mt Ri,T Sql,123,,,2.5,,,,,,,,1,,,,,,,,,,,,,,,,,,,,,,,VK2RMR 7 - Mt Riverview,,,
40,439.8500,434.8500,5.000 MHz,MINUS,FM,VK2RNG 7 Werri W,None,-,,,2.5,,,,,,,,1,,,,,,,,,,,,,,,,,,,,,,,VK2RNG 7 Werri Werrington,,,
41,439.9750,434.9750,5.000 MHz,MINUS,FM,VK2RNS 7 Asqith ,None,-,,,2.5,,,,,,,,1,,,,,,,,,,,,,,,,,,,,,,,VK2RNS 7 Asqith Hornsby,,,
42,439.9250,434.9250,5.000 MHz,MINUS,FM,VK2RON 7 - Artar,None,-,,,2.5,,,,,,,,1,,,,,,,,,,,,,,,,,,,,,,,VK2RON 7 - Artarmon,,,
43,439.6000,434.6000,5.000 MHz,MINUS,FM,VK2RRR 7 Razor R,T Sql,91.5,,,2.5,,,,,,,,1,,,,,,,,,,,,,,,,,,,,,,,VK2RRR 7 Razor Razorback,,,
44,438.4750,433.4750,5.000 MHz,MINUS,FM,VK2RRS 7 - Lewis,None,-,,,2.5,,,,,,,,1,,,,,,,,,,,,,,,,,,,,,,,VK2RRS 7 - Lewisham,,,
45,438.1000,433.1000,5.000 MHz,MINUS,FM,VK2RRW 7 - North,None,-,,,2.5,,,,,,,,1,,,,,,,,,,,,,,,,,,,,,,,VK2RRW 7 - North Ryde,,,
46,439.3250,434.3250,5.000 MHz,MINUS,FM,VK2RSV 7 - Sans ,T Sql,91.5,,,2.5,,,,,,,,1,,,,,,,,,,,,,,,,,,,,,,,VK2RSV 7 - Sans Souci,,,
47,439.7750,434.7750,5.000 MHz,MINUS,FM,VK2RSW 7 - Blaxl,None,-,,,2.5,,,,,,,,1,,,,,,,,,,,,,,,,,,,,,,,VK2RSW 7 - Blaxland,,,
48,439.3000,434.3000,5.000 MHz,MINUS,FM,VK2RTG 7 - Kario,None,-,,,2.5,,,,,,,,1,,,,,,,,,,,,,,,,,,,,,,,VK2RTG 7 - Kariong,,,
49,438.2750,432.8750,5.400 MHz,MINUS,FM,VK2RWS 7 - Berow,T Sql,91.5,,,2.5,,,,,,,,1,,,,,,,,,,,,,,,,,,,,,,,VK2RWS 7 - Berowra North,,,
50,146.9250,146.3250,0.600 MHz,MINUS,FM,VK1RJB 2 Jervis ,None,-,,,2.5,,,,,,,,,1,,,,,,,,,,,,,,,,,,,,,,VK1RJB 2 Jervis Jervis Bay,,,
51,147.2500,147.8500,0.600 MHz,PLUS,FM,VK2RHH 2 Nimtbl ,None,-,,,2.5,,,,,,,,,1,,,,,,,,,,,,,,,,,,,,,,VK2RHH 2 Nimtbl Nimmitabel,,,
52,146.8250,146.2250,0.600 MHz,MINUS,FM,VK2RHR 2 HRange ,None,-,,,2.5,,,,,,,,,1,,,,,,,,,,,,,,,,,,,,,,VK2RHR 2 HRange High Range,,,
53,146.7000,146.1000,0.600 MHz,MINUS,FM,VK2RMU 2 NowraH ,T Sql,123,,,2.5,,,,,,,,,1,,,,,,,,,,,,,,,,,,,,,,VK2RMU 2 NowraH Nowra Hill,,,
54,147.0750,147.6750,0.600 MHz,PLUS,FM,VK2RMW 2 Wandra ,None,-,,,2.5,,,,,,,,,1,,,,,,,,,,,,,,,,,,,,,,VK2RMW 2 Wandra Mt Wandera,,,
55,147.1000,147.7000,0.600 MHz,PLUS,FM,VK2RSH 2 SHigh S,None,-,,,2.5,,,,,,,,,1,,,,,,,,,,,,,,,,,,,,,,VK2RSH 2 SHigh Southern Highlands,,,
56,146.6750,146.0750,0.600 MHz,MINUS,FM,VK2RUW 2 Nites1 ,None,-,,,2.5,,,,,,,,,1,,,,,,,,,,,,,,,,,,,,,,VK2RUW 2 Nites1 Knights Hill,,,
57,146.9750,146.3750,0.600 MHz,MINUS,FM,VK2RUWA2 Nites2 ,None,-,,,2.5,,,,,,,,,1,,,,,,,,,,,,,,,,,,,,,,VK2RUWA2 Nites2 Knights Hill,,,
58,146.8250,146.2250,0.600 MHz,MINUS,FM,VK2RWP 2 WolumP ,None,-,,,2.5,,,,,,,,,1,,,,,,,,,,,,,,,,,,,,,,VK2RWP 2 WolumP Wolumla Peak,,,
59,438.0250,433.0250,5.000 MHz,MINUS,FM,VK2RHR 7 HRange ,None,-,,,2.5,,,,,,,,,1,,,,,,,,,,,,,,,,,,,,,,VK2RHR 7 HRange High Range,,,
60,438.3000,433.3000,5.000 MHz,MINUS,FM,VK2RIW 7 - Kiama,None,-,,,2.5,,,,,,,,,1,,,,,,,,,,,,,,,,,,,,,,VK2RIW 7 - Kiama,,,
61,438.1250,433.1250,5.000 MHz,MINUS,FM,VK2RMU 7 NowraH ,T Sql,123,,,2.5,,,,,,,,,1,,,,,,,,,,,,,,,,,,,,,,VK2RMU 7 NowraH Nowra Hill,,,
62,439.3750,434.3750,5.000 MHz,MINUS,FM,VK2RSH 7 - Alpin,None,-,,,2.5,,,,,,,,,1,,,,,,,,,,,,,,,,,,,,,,VK2RSH 7 - Alpine,,,
63,439.9000,434.9000,5.000 MHz,MINUS,FM,VK2RWP 7 WolumP ,None,-,,,2.5,,,,,,,,,1,,,,,,,,,,,,,,,,,,,,,,VK2RWP 7 WolumP Wolumla Peak,,,
64,146.6250,146.0250,0.600 MHz,MINUS,FM,VK2RBB 2 Byron G,T Sql,123,,,2.5,,,,,,,,,,1,,,,,,,,,,,,,,,,,,,,,VK2RBB 2 Byron Goonengerry,,,
65,147.3500,147.9500,0.600 MHz,PLUS,FM,VK2RBO 2 Coorb C,None,-,,,2.5,,,,,,,,,,1,,,,,,,,,,,,,,,,,,,,,VK2RBO 2 Coorb Cooranbong,,,
66,146.7500,146.1500,0.600 MHz,MINUS,FM,VK2RCB 2 FranLO ,T Sql,123,,,2.5,,,,,,,,,,1,,,,,,,,,,,,,,,,,,,,,VK2RCB 2 FranLO Francis Lookout,,,
67,146.8500,146.2500,0.600 MHz,MINUS,FM,VK2RCH 2 Bruxnr ,None,-,,,2.5,,,,,,,,,,1,,,,,,,,,,,,,,,,,,,,,VK2RCH 2 Bruxnr Mt Coramba,,,
68,147.0000,146.4000,0.600 MHz,MINUS,FM,VK2RCN 2 TelePt ,None,-,,,2.5,,,,,,,,,,1,,,,,,,,,,,,,,,,,,,,,VK2RCN 2 TelePt Telegraph Point,,,
69,146.6750,146.0750,0.600 MHz,MINUS,FM,VK2RCV 2 Graft G,T Sql,123,,,2.5,,,,,,,,,,1,,,,,,,,,,,,,,,,,,,,,VK2RCV 2 Graft Grafton,,,
70,146.6500,146.0500,0.600 MHz,MINUS,FM,VK2RDO 2 Dorrig ,None,-,,,2.5,,,,,,,,,,1,,,,,,,,,,,,,,,,,,,,,VK2RDO 2 Dorrig Dorrigo Plateau,,,
71,146.6750,146.0750,0.600 MHz,MINUS,FM,VK2REE 2 - Mt Ga,T Sql,123,,,2.5,,,,,,,,,,1,,,,,,,,,,,,,,,,,,,,,VK2REE 2 - Mt Ganghat,,,
72,147.2500,147.8500,0.600 MHz,PLUS,FM,VK2REH 2 Woodbn ,T Sql,123,,,2.5,,,,,,,,,,1,,,,,,,,,,,,,,,,,,,,,VK2REH 2 Woodbn Moonimba,,,
73,147.1000,147.7000,0.600 MHz,PLUS,FM,VK2RGL 2 CbTree ,None,-,,,2.5,,,,,,,,,,1,,,,,,,,,,,,,,,,,,,,,VK2RGL 2 CbTree Cabbage Tree Mtn,,,
74,147.2000,147.8000,0.600 MHz,PLUS,FM,VK2RGLA2 CbTree ,None,-,,,2.5,,,,,,,,,,1,,,,,,,,,,,,,,,,,,,,,VK2RGLA2 CbTree Cabbage Tree Mtn,,,
75,146.8750,146.2750,0.600 MHz,MINUS,FM,VK2RMY 2 YarahP ,None,-,,,2.5,,,,,,,,,,1,,,,,,,,,,,,,,,,,,,,,VK2RMY 2 YarahP Mt Yarrahapinni,,,
76,146.9000,146.3000,0.600 MHz,MINUS,FM,VK2RNC 2 SgarL M,None,-,,,2.5,,,,,,,,,,1,,,,,,,,,,,,,,,,,,,,,VK2RNC 2 SgarL Mt Sugarloaf,,,
77,146.9750,146.3750,0.600 MHz,MINUS,FM,VK2RNCA2 SgarL1 ,None,-,,,2.5,,,,,,,,,,1,,,,,,,,,,,,,,,,,,,,,VK2RNCA2 SgarL1 Mt Sugarloaf,,,
78,146.7000,146.1000,0.600 MHz,MINUS,FM,VK2RPM 2 MdlBro ,T Sql,91.5,,,2.5,,,,,,,,,,1,,,,,,,,,,,,,,,,,,,,,VK2RPM 2 MdlBro Middle Brother,,,
79,146.8000,146.2000,0.600 MHz,MINUS,FM,VK2RSC 2 Lismor ,T Sql,123,,,2.5,,,,,,,,,,1,,,,,,,,,,,,,,,,,,,,,VK2RSC 2 Lismor Parrots Nest,,,
80,147.1250,147.7250,0.600 MHz,PLUS,FM,VK2RSR 2 Scadns ,None,-,,,2.5,,,,,,,,,,1,,,,,,,,,,,,,,,,,,,,,VK2RSR 2 Scadns Scaddens Ridge,,,
81,147.3250,147.9250,0.600 MHz,PLUS,FM,VK2RTS 2 Lawsn2 ,None,-,,,2.5,,,,,,,,,,1,,,,,,,,,,,,,,,,,,,,,VK2RTS 2 Lawsn2 Lawson,,,
82,146.7750,146.1750,0.600 MHz,MINUS,FM,VK2RTZ 2 SugarL ,None,-,,,2.5,,,,,,,,,,1,,,,,,,,,,,,,,,,,,,,,VK2RTZ 2 SugarL Mt Sugarloaf,,,
83,147.1500,147.7500,0.600 MHz,PLUS,FM,VK2RWH 2 Nwcsle ,None,-,,,2.5,,,,,,,,,,1,,,,,,,,,,,,,,,,,,,,,VK2RWH 2 Nwcsle Newcastle,,,
84,147.1500,147.7500,0.600 MHz,PLUS,FM,VK2RWK 2 KurraJ ,None,-,,,2.5,,,,,,,,,,1,,,,,,,,,,,,,,,,,,,,,VK2RWK 2 KurraJ Kurrajong Heights,,,
85,147.0750,147.6750,0.600 MHz,PLUS,FM,VK2RWR 2 Moona M,None,-,,,2.5,,,,,,,,,,1,,,,,,,,,,,,,,,,,,,,,VK2RWR 2 Moona Moona Trig,,,
86,439.2750,434.2750,5.000 MHz,MINUS,FM,VK2RAI 7 - Boora,None,-,,,2.5,,,,,,,,,,1,,,,,,,,,,,,,,,,,,,,,VK2RAI 7 - Booral,,,
87,438.4250,433.4250,5.000 MHz,MINUS,FM,VK2RCN 7 TelePt ,T Sql,123,,,2.5,,,,,,,,,,1,,,,,,,,,,,,,,,,,,,,,VK2RCN 7 TelePt Telegraph Point,,,
88,438.3250,433.3250,5.000 MHz,MINUS,FM,VK2REE 7 - Mt Ga,None,-,,,2.5,,,,,,,,,,1,,,,,,,,,,,,,,,,,,,,,VK2REE 7 - Mt Ganghat,,,
89,438.1250,433.1250,5.000 MHz,MINUS,FM,VK2RHK 7 - Wyee,None,-,,,2.5,,,,,,,,,,1,,,,,,,,,,,,,,,,,,,,,VK2RHK 7 - Wyee,,,
90,438.1250,433.1250,5.000 MHz,MINUS,FM,VK2RMG 7 - Bruxn,T Sql,123,,,2.5,,,,,,,,,,1,,,,,,,,,,,,,,,,,,,,,VK2RMG 7 - Bruxner Park,,,
91,438.0750,433.0750,5.000 MHz,MINUS,FM,VK2RMY 7 YarahP ,None,-,,,2.5,,,,,,,,,,1,,,,,,,,,,,,,,,,,,,,,VK2RMY 7 YarahP Mt Yarrahapinni,,,
92,438.0250,433.0250,5.000 MHz,MINUS,FM,VK2RNC 7 SgarL M,None,-,,,2.5,,,,,,,,,,1,,,,,,,,,,,,,,,,,,,,,VK2RNC 7 SgarL Mt Sugarloaf,,,
93,438.6750,433.6750,5.000 MHz,MINUS,FM,VK2RNCA7 SgarL1 ,None,-,,,2.5,,,,,,,,,,1,,,,,,,,,,,,,,,,,,,,,VK2RNCA7 SgarL1 Mt Sugarloaf,,,
94,439.7000,434.7000,5.000 MHz,MINUS,FM,VK2ROJ 7 - Bolwa,T Sql,91.5,,,2.5,,,,,,,,,,1,,,,,,,,,,,,,,,,,,,,,VK2ROJ 7 - Bolwarra Heights,,,
95,438.6750,433.6750,5.000 MHz,MINUS,FM,VK2RPL 7 Nardi M,T Sql,123,,,2.5,,,,,,,,,,1,,,,,,,,,,,,,,,,,,,,,VK2RPL 7 Nardi Mt Nardi,,,
96,438.5250,433.5250,5.000 MHz,MINUS,FM,VK2RPM 7 MdlBro ,T Sql,123,,,2.5,,,,,,,,,,1,,,,,,,,,,,,,,,,,,,,,VK2RPM 7 MdlBro Middle Brother,,,
97,439.9500,434.9500,5.000 MHz,MINUS,FM,VK2RSC 7 Lismor ,T Sql,123,,,2.5,,,,,,,,,,1,,,,,,,,,,,,,,,,,,,,,VK2RSC 7 Lismor Parrots Nest,,,
98,438.6250,433.6250,5.000 MHz,MINUS,FM,VK2RUM 7 - Merew,None,-,,,2.5,,,,,,,,,,1,,,,,,,,,,,,,,,,,,,,,VK2RUM 7 - Merewether,,,
99,439.6250,434.6250,5.000 MHz,MINUS,FM,VK2RWH 7 Nwcsle ,None,-,,,2.5,,,,,,,,,,1,,,,,,,,,,,,,,,,,,,,,VK2RWH 7 Nwcsle Newcastle,,,
100,439.8250,434.8250,5.000 MHz,MINUS,FM,VK2RWK 7 KurraJ ,T Sql,91.5,,,2.5,,,,,,,,,,1,,,,,,,,,,,,,,,,,,,,,VK2RWK 7 KurraJ Kurrajong,,,
101,146.6750,146.0750,0.600 MHz,MINUS,DV,VK2REE 4 - Mt Ga,T Sql,123,,,2.5,,,,,,,,,,1,,,,,,,,,,,,,,,,,,1,,,VK2REE 4 - Mt Ganghat,,,
102,438.3250,433.3250,5.000 MHz,MINUS,DV,VK2REEA4 - Mt Ga,None,-,,,2.5,,,,,,,,,,1,,,,,,,,,,,,,,,,,,1,,,VK2REEA4 - Mt Ganghat,,,
103,146.9000,146.3000,0.600 MHz,MINUS,FM,VK1RAC 2 Tidbin ,None,-,,,2.5,,,,,,,,,,,1,,,,,,,,,,,,,,,,,,,,VK1RAC 2 Tidbin Tidbinbilla,,,
104,147.1750,147.7750,0.600 MHz,PLUS,FM,VK1RBH 2 BullsH ,None,-,,,2.5,,,,,,,,,,,1,,,,,,,,,,,,,,,,,,,,VK1RBH 2 BullsH Bulls Head,,,
105,146.7250,146.1250,0.600 MHz,MINUS,FM,VK1RBM 2 Issacs ,T Sql,91.5,,,2.5,,,,,,,,,,,1,,,,,,,,,,,,,,,,,,,,VK1RBM 2 Issacs Isaacs Ridge,,,
106,146.9500,146.3500,0.600 MHz,MINUS,FM,VK1RGI 2 Ginini ,T Sql,91.5,,,2.5,,,,,,,,,,,1,,,,,,,,,,,,,,,,,,,,VK1RGI 2 Ginini Mt Ginini,,,
107,146.7250,146.1250,0.600 MHz,MINUS,FM,VK2RAD 2 SHill S,None,-,,,2.5,,,,,,,,,,,1,,,,,,,,,,,,,,,,,,,,VK2RAD 2 SHill South Hill,,,
108,146.7000,146.1000,0.600 MHz,MINUS,FM,VK2RAO 2 Cbolas ,T Sql,91.5,,,2.5,,,,,,,,,,,1,,,,,,,,,,,,,,,,,,,,VK2RAO 2 Cbolas Mt Canobolas,,,
109,147.2750,147.8750,0.600 MHz,PLUS,FM,VK2RAP 2 AcacPl ,None,-,,,2.5,,,,,,,,,,,1,,,,,,,,,,,,,,,,,,,,VK2RAP 2 AcacPl Acacia Plateau,,,
110,147.2250,147.8250,0.600 MHz,PLUS,FM,VK2RAY 2 Albury ,None,-,,,2.5,,,,,,,,,,,1,,,,,,,,,,,,,,,,,,,,VK2RAY 2 Albury Albury,,,
111,146.7750,146.1750,0.600 MHz,MINUS,FM,VK2RBE 2 Bethun ,T Sql,91.5,,,2.5,,,,,,,,,,,1,,,,,,,,,,,,,,,,,,,,VK2RBE 2 Bethun Mt Bethungra,,,
112,147.0000,146.4000,0.600 MHz,MINUS,FM,VK2RBH 2 Darlng ,None,-,,,2.5,,,,,,,,,,,1,,,,,,,,,,,,,,,,,,,,VK2RBH 2 Darlng Mt Darling,,,
113,146.7750,146.1750,0.600 MHz,MINUS,FM,VK2RBK 2 NomTop ,None,-,,,2.5,,,,,,,,,,,1,,,,,,,,,,,,,,,,,,,,VK2RBK 2 NomTop Noumea Tops,,,
114,146.7250,146.1250,0.600 MHz,MINUS,FM,VK2RBL 2 Balran ,None,-,,,2.5,,,,,,,,,,,1,,,,,,,,,,,,,,,,,,,,VK2RBL 2 Balran Balranald,,,
115,146.7750,146.1750,0.600 MHz,MINUS,FM,VK2RBR 2 Tabulm ,None,-,,,2.5,,,,,,,,,,,1,,,,,,,,,,,,,,,,,,,,VK2RBR 2 Tabulm Tabulam,,,
116,146.8000,146.2000,0.600 MHz,MINUS,FM,VK2RCC 2 NeedlMn,None,-,,,2.5,,,,,,,,,,,1,,,,,,,,,,,,,,,,,,,,VK2RCC 2 NeedlMn Needle Mtn,,,
117,146.7250,146.1250,0.600 MHz,MINUS,FM,VK2RCD 2 BurroH ,None,-,,,2.5,,,,,,,,,,,1,,,,,,,,,,,,,,,,,,,,VK2RCD 2 BurroH Burroway Hill,,,
118,147.2000,147.8000,0.600 MHz,PLUS,FM,VK2RCW 2 Lindsy ,None,-,,,2.5,,,,,,,,,,,1,,,,,,,,,,,,,,,,,,,,VK2RCW 2 Lindsy Mt Lindsay,,,
119,146.6500,146.0500,0.600 MHz,MINUS,FM,VK2RDX 2 Bindo M,None,-,,,2.5,,,,,,,,,,,1,,,,,,,,,,,,,,,,,,,,VK2RDX 2 Bindo Mt Bindo,,,
120,146.8250,146.2250,0.600 MHz,MINUS,FM,VK2RGA 2 Galore ,T Sql,91.5,,,2.5,,,,,,,,,,,1,,,,,,,,,,,,,,,,,,,,VK2RGA 2 Galore Mt Galore,,,
121,146.8500,146.2500,0.600 MHz,MINUS,FM,VK2RGF 2 SqrNob ,T Sql,91.5,,,2.5,,,,,,,,,,,1,,,,,,,,,,,,,,,,,,,,VK2RGF 2 SqrNob Mt Square Knob,,,
122,146.6250,146.0250,0.600 MHz,MINUS,FM,VK2RGN 2 MtGray ,None,-,,,2.5,,,,,,,,,,,1,,,,,,,,,,,,,,,,,,,,VK2RGN 2 MtGray Mt Gray,,,
123,146.6750,146.0750,0.600 MHz,MINUS,FM,VK2RLH 2 SBark S,None,-,,,2.5,,,,,,,,,,,1,,,,,,,,,,,,,,,,,,,,VK2RLH 2 SBark Stringybark Hill,,,
124,146.8750,146.2750,0.600 MHz,MINUS,FM,VK2RLJ 2 Prishr ,None,-,,,2.5,,,,,,,,,,,1,,,,,,,,,,,,,,,,,,,,VK2RLJ 2 Prishr Back Perisher Mtn,,,
125,146.6500,146.0500,0.600 MHz,MINUS,FM,VK2RMI 2 THiHi T,None,-,,,2.5,,,,,,,,,,,1,,,,,,,,,,,,,,,,,,,,VK2RMI 2 THiHi Terry Hie Hie,,,
126,147.3750,147.9750,0.600 MHz,PLUS,FM,VK2RMM 2 McKen M,T Sql,123,,,2.5,,,,,,,,,,,1,,,,,,,,,,,,,,,,,,,,VK2RMM 2 McKen Mt MacKenzie,,,
127,146.8500,146.2500,0.600 MHz,MINUS,FM,VK2RMO 2 Baldwn ,None,-,,,2.5,,,,,,,,,,,1,,,,,,,,,,,,,,,,,,,,VK2RMO 2 Baldwn Mt Baldwin,,,
128,146.9500,146.3500,0.600 MHz,MINUS,FM,VK2RNE 2 Rumbee ,None,-,,,2.5,,,,,,,,,,,1,,,,,,,,,,,,,,,,,,,,VK2RNE 2 Rumbee Mt Rumbee,,,
129,146.6250,146.0250,0.600 MHz,MINUS,FM,VK2RNW 2 Kaput M,None,-,,,2.5,,,,,,,,,,,1,,,,,,,,,,,,,,,,,,,,VK2RNW 2 Kaput Mt Kaputar,,,
130,146.9000,146.3000,0.600 MHz,MINUS,FM,VK2RRT 2 Boona B,None,-,,,2.5,,,,,,,,,,,1,,,,,,,,,,,,,,,,,,,,VK2RRT 2 Boona Boona Mtn,,,
131,147.0250,147.6250,0.600 MHz,PLUS,FM,VK2RSM 2 TableT ,None,-,,,2.5,,,,,,,,,,,1,,,,,,,,,,,,,,,,,,,,VK2RSM 2 TableT Tabletop,,,
132,146.8000,146.2000,0.600 MHz,MINUS,FM,VK2RTD 2 Kendal ,T Sql,91.5,,,2.5,,,,,,,,,,,1,,,,,,,,,,,,,,,,,,,,VK2RTD 2 Kendal Mt Kendall,,,
133,146.7500,146.1500,0.600 MHz,MINUS,FM,VK2RTM 2 - Mt Cr,None,-,,,2.5,,,,,,,,,,,1,,,,,,,,,,,,,,,,,,,,VK2RTM 2 - Mt Crawney,,,
134,147.2000,147.8000,0.600 MHz,PLUS,FM,VK2RWB 2 GwynH G,T Sql,123,,,2.5,,,,,,,,,,,1,,,,,,,,,,,,,,,,,,,,VK2RWB 2 GwynH Gwynne Hill,,,
135,146.7500,146.1500,0.600 MHz,MINUS,FM,VK2RWG 2 WOF Whe,T Sql,91.5,,,2.5,,,,,,,,,,,1,,,,,,,,,,,,,,,,,,,,VK2RWG 2 WOF Wheel of Fortune,,,
136,147.1000,147.7000,0.600 MHz,PLUS,FM,VK2RWM 2 Warrad ,None,-,,,2.5,,,,,,,,,,,1,,,,,,,,,,,,,,,,,,,,VK2RWM 2 Warrad Mt Warraderry,,,
137,147.2250,147.8250,0.600 MHz,PLUS,FM,VK2RYL 2 BaldM B,None,-,,,2.5,,,,,,,,,,,1,,,,,,,,,,,,,,,,,,,,VK2RYL 2 BaldM Bald Mtn,,,
138,146.8750,146.2750,0.600 MHz,MINUS,FM,VK2RZL 2 Muswel ,T Sql,123,,,2.5,,,,,,,,,,,1,,,,,,,,,,,,,,,,,,,,VK2RZL 2 Muswel Mt Arthur,,,
139,439.9500,434.9500,5.000 MHz,MINUS,FM,VK1RBM 7 Issacs ,T Sql,91.5,,,2.5,,,,,,,,,,,1,,,,,,,,,,,,,,,,,,,,VK1RBM 7 Issacs Isaacs Ridge,,,
140,438.0500,433.0500,5.000 MHz,MINUS,FM,VK1RGI 7 Ginini ,T Sql,91.5,,,2.5,,,,,,,,,,,1,,,,,,,,,,,,,,,,,,,,VK1RGI 7 Ginini Mt Ginini,,,
141,438.4750,433.4750,5.000 MHz,MINUS,FM,VK2RAB 7 MtCraw ,None,-,,,2.5,,,,,,,,,,,1,,,,,,,,,,,,,,,,,,,,VK2RAB 7 MtCraw Mt Crawney,,,
142,438.6500,433.6500,5.000 MHz,MINUS,FM,VK2RAD 7 SHill S,None,-,,,2.5,,,,,,,,,,,1,,,,,,,,,,,,,,,,,,,,VK2RAD 7 SHill South Hill,,,
143,438.7250,433.7250,5.000 MHz,MINUS,FM,VK2RAO 7 Cbolas ,None,-,,,2.5,,,,,,,,,,,1,,,,,,,,,,,,,,,,,,,,VK2RAO 7 Cbolas Mt Canobolas,,,
144,438.5750,433.5750,5.000 MHz,MINUS,FM,VK2RAY 7 Albury ,None,-,,,2.5,,,,,,,,,,,1,,,,,,,,,,,,,,,,,,,,VK2RAY 7 Albury Albury,,,
145,439.9000,434.9000,5.000 MHz,MINUS,FM,VK2RBK 7 NomTop ,None,-,,,2.5,,,,,,,,,,,1,,,,,,,,,,,,,,,,,,,,VK2RBK 7 NomTop Noumea Tops,,,
146,439.3000,434.3000,5.000 MHz,MINUS,FM,VK2RCW 7 Lindsy ,None,-,,,2.5,,,,,,,,,,,1,,,,,,,,,,,,,,,,,,,,VK2RCW 7 Lindsy Mt Lindsay,,,
147,439.9500,434.9500,5.000 MHz,MINUS,FM,VK2RDD 7 - Burro,None,-,,,2.5,,,,,,,,,,,1,,,,,,,,,,,,,,,,,,,,VK2RDD 7 - Burroway Hill,,,
148,438.3250,433.3250,5.000 MHz,MINUS,FM,VK2RGN 7 MtGray ,None,-,,,2.5,,,,,,,,,,,1,,,,,,,,,,,,,,,,,,,,VK2RGN 7 MtGray Mt Gray,,,
149,438.6250,433.6250,5.000 MHz,MINUS,FM,VK2RGNA7 - Goulb,None,-,,,2.5,,,,,,,,,,,1,,,,,,,,,,,,,,,,,,,,VK2RGNA7 - Goulburn,,,
150,439.9500,434.9500,5.000 MHz,MINUS,FM,VK2RGNB7 MtGray ,None,-,,,2.5,,,,,,,,,,,1,,,,,,,,,,,,,,,,,,,,VK2RGNB7 MtGray Mt Gray,,,
151,439.8500,434.8500,5.000 MHz,MINUS,FM,VK2RLH 7 - Newbr,None,-,,,2.5,,,,,,,,,,,1,,,,,,,,,,,,,,,,,,,,VK2RLH 7 - Newbridge,,,
152,438.4500,433.4500,5.000 MHz,MINUS,FM,VK2RLJ 7 Prishr ,None,-,,,2.5,,,,,,,,,,,1,,,,,,,,,,,,,,,,,,,,VK2RLJ 7 Prishr Back Perisher Mtn,,,
153,438.5750,433.5750,5.000 MHz,MINUS,FM,VK2RNW 7 Kaput M,None,-,,,2.5,,,,,,,,,,,1,,,,,,,,,,,,,,,,,,,,VK2RNW 7 Kaput Mt Kaputar,,,
154,439.9000,434.9000,5.000 MHz,MINUS,FM,VK2RSM 7 TableT ,None,-,,,2.5,,,,,,,,,,,1,,,,,,,,,,,,,,,,,,,,VK2RSM 7 TableT Tabletop,,,
155,438.0250,433.0250,5.000 MHz,MINUS,FM,VK2RTW 7 - Willa,T Sql,91.5,,,2.5,,,,,,,,,,,1,,,,,,,,,,,,,,,,,,,,VK2RTW 7 - Willans Hill,,,
156,439.8000,434.8000,5.000 MHz,MINUS,FM,VK2RTWA7 - Wagga,T Sql,91.5,,,2.5,,,,,,,,,,,1,,,,,,,,,,,,,,,,,,,,VK2RTWA7 - Wagga Wagga,,,
157,439.6500,434.6500,5.000 MHz,MINUS,FM,VK2RWB 7 GwynH G,T Sql,123,,,2.5,,,,,,,,,,,1,,,,,,,,,,,,,,,,,,,,VK2RWB 7 GwynH Gwynne Hill,,,
158,438.3250,433.3250,5.000 MHz,MINUS,FM,VK2RWM 7 Warrad ,None,-,,,2.5,,,,,,,,,,,1,,,,,,,,,,,,,,,,,,,,VK2RWM 7 Warrad Mt Warraderry,,,
159,146.8250,146.2250,0.600 MHz,MINUS,FM,VK3RAJ 2 Upwey U,T Sql,94.8,,,2.5,,,,,,,,,,,,,1,,,,,,,,,,,,,,,,,,VK3RAJ 2 Upwey Upwey,,,
160,147.0750,147.6750,0.600 MHz,PLUS,FM,VK3RCR 2 Dande M,None,-,,,2.5,,,,,,,,,,,,,1,,,,,,,,,,,,,,,,,,VK3RCR 2 Dande Mt Dandenong,,,
161,147.1750,147.7750,0.600 MHz,PLUS,FM,VK3REC 2 Olind1 ,None,-,,,2.5,,,,,,,,,,,,,1,,,,,,,,,,,,,,,,,,VK3REC 2 Olind1 Olinda,,,
162,147.4250,147.4250,0.000 MHz,PLUS,FM,VK3RFY 2 Hillsd ,T Sql,91.5,,,2.5,,,,,,,,,,,,,1,,,,,,,,,,,,,,,,,,VK3RFY 2 Hillsd Hillside,,,
163,147.1250,147.7250,0.600 MHz,PLUS,FM,VK3RGC 2 MoPell ,T Sql,91.5,,,2.5,,,,,,,,,,,,,1,,,,,,,,,,,,,,,,,,VK3RGC 2 MoPell Montpellier,,,
164,147.0000,146.4000,0.600 MHz,MINUS,FM,VK3RGL 2 Anakie ,T Sql,91.5,,,2.5,,,,,,,,,,,,,1,,,,,,,,,,,,,,,,,,VK3RGL 2 Anakie Mt Anakie,,,
165,147.3250,147.9250,0.600 MHz,PLUS,FM,VK3RMC 2 NarWar ,None,-,,,2.5,,,,,,,,,,,,,1,,,,,,,,,,,,,,,,,,VK3RMC 2 NarWar Narre Warren Nth,,,
166,146.7000,146.1000,0.600 MHz,MINUS,FM,VK3RML 2 FernyC ,T Sql,91.5,,,2.5,,,,,,,,,,,,,1,,,,,,,,,,,,,,,,,,VK3RML 2 FernyC Ferny Creek,,,
167,147.2500,147.8500,0.600 MHz,PLUS,FM,VK3RMM 2 Macdon ,None,-,,,2.5,,,,,,,,,,,,,1,,,,,,,,,,,,,,,,,,VK3RMM 2 Macdon Mt Macedon,,,
168,146.8500,146.2500,0.600 MHz,MINUS,FM,VK3RMN 2 KLake K,T Sql,91.5,,,2.5,,,,,,,,,,,,,1,,,,,,,,,,,,,,,,,,VK3RMN 2 KLake Kinglake,,,
169,147.3500,147.9500,0.600 MHz,PLUS,FM,VK3RMS 2 Olind2 ,None,-,,,2.5,,,,,,,,,,,,,1,,,,,,,,,,,,,,,,,,VK3RMS 2 Olind2 Olinda,,,
170,147.3750,147.9750,0.600 MHz,PLUS,FM,VK3RMU 2 StLeo M,T Sql,91.5,,,2.5,,,,,,,,,,,,,1,,,,,,,,,,,,,,,,,,VK3RMU 2 StLeo Mt St Leonard,,,
171,147.2000,147.8000,0.600 MHz,PLUS,FM,VK3RPS 2 Cotrel ,T Sql,91.5,,,2.5,,,,,,,,,,,,,1,,,,,,,,,,,,,,,,,,VK3RPS 2 Cotrel Mt Cottrell,,,
172,146.9750,146.3750,0.600 MHz,MINUS,FM,VK3RRC 2 RdlsCk ,None,-,,,2.5,,,,,,,,,,,,,1,,,,,,,,,,,,,,,,,,VK3RRC 2 RdlsCk Riddells Creek,,,
173,146.6750,146.0750,0.600 MHz,MINUS,FM,VK3RSP 2 MtMtha ,None,-,,,2.5,,,,,,,,,,,,,1,,,,,,,,,,,,,,,,,,VK3RSP 2 MtMtha Mt Martha,,,
174,146.7250,146.1250,0.600 MHz,MINUS,FM,VK3RYV 2 Briart ,None,-,,,2.5,,,,,,,,,,,,,1,,,,,,,,,,,,,,,,,,VK3RYV 2 Briart Briarty Hill,,,
175,438.5250,433.5250,5.000 MHz,MINUS,FM,VK3RAD 7 - Mitch,T Sql,123,,,2.5,,,,,,,,,,,,,1,,,,,,,,,,,,,,,,,,VK3RAD 7 - Mitcham,,,
176,439.7500,434.7500,5.000 MHz,MINUS,FM,VK3RAJ 7 Upwey U,T Sql,91.5,,,2.5,,,,,,,,,,,,,1,,,,,,,,,,,,,,,,,,VK3RAJ 7 Upwey Upwey,,,
177,438.7000,433.7000,5.000 MHz,MINUS,FM,VK3RBM 7 - Bacch,T Sql,91.5,,,2.5,,,,,,,,,,,,,1,,,,,,,,,,,,,,,,,,VK3RBM 7 - Bacchus Marsh,,,
178,438.4500,433.4500,5.000 MHz,MINUS,FM,VK3RBW 7 - Mt Gi,T Sql,91.5,,,2.5,,,,,,,,,,,,,1,,,,,,,,,,,,,,,,,,VK3RBW 7 - Mt Gisborne,,,
179,439.6250,434.6250,5.000 MHz,MINUS,FM,VK3RBY 7 - Baysw,T Sql,88.5,,,2.5,,,,,,,,,,,,,1,,,,,,,,,,,,,,,,,,VK3RBY 7 - Bayswater,,,
180,438.0250,433.0250,5.000 MHz,MINUS,FM,VK3RCC 7 - Melbo,T Sql,91.5,,,2.5,,,,,,,,,,,,,1,,,,,,,,,,,,,,,,,,VK3RCC 7 - Melbourne City,,,
181,439.6000,434.6000,5.000 MHz,MINUS,FM,VK3RDX 7 - Mt Wa,T Sql,91.5,,,2.5,,,,,,,,,,,,,1,,,,,,,,,,,,,,,,,,VK3RDX 7 - Mt Waverley,,,
182,438.4000,433.4000,5.000 MHz,MINUS,FM,VK3RFY 7 Hillsd ,T Sql,91.5,,,2.5,,,,,,,,,,,,,1,,,,,,,,,,,,,,,,,,VK3RFY 7 Hillsd Hillside,,,
183,439.5750,434.5750,5.000 MHz,MINUS,FM,VK3RGC 7 MoPell ,T Sql,91.5,,,2.5,,,,,,,,,,,,,1,,,,,,,,,,,,,,,,,,VK3RGC 7 MoPell Montpellier,,,
184,439.5000,434.5000,5.000 MHz,MINUS,FM,VK3RGL 7 Anakie ,T Sql,91.5,,,2.5,,,,,,,,,,,,,1,,,,,,,,,,,,,,,,,,VK3RGL 7 Anakie Mt Anakie,,,
185,438.5000,433.5000,5.000 MHz,MINUS,FM,VK3RGW 7 - Grove,T Sql,91.5,,,2.5,,,,,,,,,,,,,1,,,,,,,,,,,,,,,,,,VK3RGW 7 - Grovedale,,,
186,438.7500,433.7500,5.000 MHz,MINUS,FM,VK3RHF 7 - Olind,T Sql,88.5,,,2.5,,,,,,,,,,,,,1,,,,,,,,,,,,,,,,,,VK3RHF 7 - Olinda,,,
187,438.1500,433.1500,5.000 MHz,MINUS,FM,VK3RIR 7 - Bendi,T Sql,91.5,,,2.5,,,,,,,,,,,,,1,,,,,,,,,,,,,,,,,,VK3RIR 7 - Bendigo,,,
188,439.4750,434.4750,5.000 MHz,MINUS,FM,VK3RLP 7 Cborn C,T Sql,91.5,,,2.5,,,,,,,,,,,,,1,,,,,,,,,,,,,,,,,,VK3RLP 7 Cborn Cranbourne,,,
189,439.3750,434.3750,5.000 MHz,MINUS,FM,VK3RMC 7 - Berwi,None,-,,,2.5,,,,,,,,,,,,,1,,,,,,,,,,,,,,,,,,VK3RMC 7 - Berwick,,,
190,439.8750,434.8750,5.000 MHz,MINUS,FM,VK3RMCA7 - Narre,None,-,,,2.5,,,,,,,,,,,,,1,,,,,,,,,,,,,,,,,,VK3RMCA7 - Narre Warren North,,,
191,438.3250,433.3250,5.000 MHz,MINUS,FM,VK3RMH 7 WatlGn ,None,-,,,2.5,,,,,,,,,,,,,1,,,,,,,,,,,,,,,,,,VK3RMH 7 WatlGn Wattle Glen,,,
192,439.8250,434.8250,5.000 MHz,MINUS,FM,VK3RMM 7 Macdon ,T Sql,91.5,,,2.5,,,,,,,,,,,,,1,,,,,,,,,,,,,,,,,,VK3RMM 7 Macdon Mt Macedon,,,
193,439.4500,434.4500,5.000 MHz,MINUS,FM,VK3RMN 7 KLake K,T Sql,91.5,,,2.5,,,,,,,,,,,,,1,,,,,,,,,,,,,,,,,,VK3RMN 7 KLake Kinglake,,,
194,438.2250,433.2250,5.000 MHz,MINUS,FM,VK3RMS 7 Olind2 ,T Sql,91.5,,,2.5,,,,,,,,,,,,,1,,,,,,,,,,,,,,,,,,VK3RMS 7 Olind2 Olinda,,,
195,439.8000,434.8000,5.000 MHz,MINUS,FM,VK3RMU 7 StLeo M,None,-,,,2.5,,,,,,,,,,,,,1,,,,,,,,,,,,,,,,,,VK3RMU 7 StLeo Mt St Leonard,,,
196,438.6500,433.6500,5.000 MHz,MINUS,FM,VK3RNP 7 GoldnP ,T Sql,91.5,,,2.5,,,,,,,,,,,,,1,,,,,,,,,,,,,,,,,,VK3RNP 7 GoldnP Bannockburn,,,
197,439.7250,434.7250,5.000 MHz,MINUS,FM,VK3RPS 7 Cotrel ,T Sql,91.5,,,2.5,,,,,,,,,,,,,1,,,,,,,,,,,,,,,,,,VK3RPS 7 Cotrel Mt Cottrell,,,
198,439.5250,434.5250,5.000 MHz,MINUS,FM,VK3RPT 7 - Prett,T Sql,91.5,,,2.5,,,,,,,,,,,,,1,,,,,,,,,,,,,,,,,,VK3RPT 7 - Pretty Sally,,,
199,439.8500,434.8500,5.000 MHz,MINUS,FM,VK3RPU 7 - Arthu,T Sql,91.5,,,2.5,,,,,,,,,,,,,1,,,,,,,,,,,,,,,,,,VK3RPU 7 - Arthur's Seat,,,
200,439.7000,434.7000,5.000 MHz,MINUS,FM,VK3RRC 7 RdlsCk ,None,-,,,2.5,,,,,,,,,,,,,1,,,,,,,,,,,,,,,,,,VK3RRC 7 RdlsCk Riddells Creek,,,
201,439.6500,434.6500,5.000 MHz,MINUS,FM,VK3RSA 7 - Emera,T Sql,91.5,,,2.5,,,,,,,,,,,,,1,,,,,,,,,,,,,,,,,,VK3RSA 7 - Emerald,,,
202,439.5500,434.5500,5.000 MHz,MINUS,FM,VK3RSB 7 - Mt St,T Sql,91.5,,,2.5,,,,,,,,,,,,,1,,,,,,,,,,,,,,,,,,VK3RSB 7 - Mt St Leonard,,,
203,439.9000,434.9000,5.000 MHz,MINUS,FM,VK3RSE 7 - Glen ,None,-,,,2.5,,,,,,,,,,,,,1,,,,,,,,,,,,,,,,,,VK3RSE 7 - Glen Waverley,,,
204,439.4250,434.4250,5.000 MHz,MINUS,FM,VK3RSV 7 - Noble,T Sql,91.5,,,2.5,,,,,,,,,,,,,1,,,,,,,,,,,,,,,,,,VK3RSV 7 - Noble Park,,,
205,439.3000,434.3000,5.000 MHz,MINUS,FM,VK3RYV 7 Briart ,None,-,,,2.5,,,,,,,,,,,,,1,,,,,,,,,,,,,,,,,,VK3RYV 7 Briart Briarty Hill,,,
206,439.6000,434.6000,5.000 MHz,MINUS,DV,VK3RDX 4 - Mt Wa,T Sql,91.5,,,2.5,,,,,,,,,,,,,1,,,,,,,,,,,,,,,1,,,VK3RDX 4 - Mt Waverley,,,
207,438.4000,433.4000,5.000 MHz,MINUS,DV,VK3RFY 4 Hillsd ,T Sql,91.5,,,2.5,,,,,,,,,,,,,1,,,,,,,,,,,,,,,1,,,VK3RFY 4 Hillsd Hillside,,,
208,438.5000,433.5000,5.000 MHz,MINUS,DV,VK3RGW 4 - Grove,T Sql,91.5,,,2.5,,,,,,,,,,,,,1,,,,,,,,,,,,,,,1,,,VK3RGW 4 - Grovedale,,,
209,146.7750,146.1750,0.600 MHz,MINUS,FM,VK3RAG 2 Renies ,T Sql,123,,,2.5,,,,,,,,,,,,,,1,,,,,,,,,,,,,,,,,VK3RAG 2 Renies Rennies Hill,,,
210,146.7500,146.1500,0.600 MHz,MINUS,FM,VK3RBA 2 Bunyng ,T Sql,91.5,,,2.5,,,,,,,,,,,,,,1,,,,,,,,,,,,,,,,,VK3RBA 2 Bunyng Mt Buninyong,,,
211,147.2000,147.8000,0.600 MHz,PLUS,FM,VK3RBQ 2 Dimbol ,None,-,,,2.5,,,,,,,,,,,,,,1,,,,,,,,,,,,,,,,,VK3RBQ 2 Dimbol Dimboola,,,
212,146.6500,146.0500,0.600 MHz,MINUS,FM,VK3RBT 2 GreenH ,T Sql,91.5,,,2.5,,,,,,,,,,,,,,1,,,,,,,,,,,,,,,,,VK3RBT 2 GreenH Green Hill,,,
213,146.6750,146.0750,0.600 MHz,MINUS,FM,VK3RCA 2 Torumb ,None,-,,,2.5,,,,,,,,,,,,,,1,,,,,,,,,,,,,,,,,VK3RCA 2 Torumb Torrumbarry,,,
214,147.1500,147.7500,0.600 MHz,PLUS,FM,VK3RCV 2 Alex Mt,None,-,,,2.5,,,,,,,,,,,,,,1,,,,,,,,,,,,,,,,,VK3RCV 2 Alex Mt Alexander,,,
215,147.1250,147.7250,0.600 MHz,PLUS,FM,VK3RDG 2 Delegt ,None,-,,,2.5,,,,,,,,,,,,,,1,,,,,,,,,,,,,,,,,VK3RDG 2 Delegt Mt Delegate,,,
216,146.8500,146.2500,0.600 MHz,MINUS,FM,VK3RDU 2 Major M,None,-,,,2.5,,,,,,,,,,,,,,1,,,,,,,,,,,,,,,,,VK3RDU 2 Major Mt Major,,,
217,146.9000,146.3000,0.600 MHz,MINUS,FM,VK3REB 2 MntNow ,None,-,,,2.5,,,,,,,,,,,,,,1,,,,,,,,,,,,,,,,,VK3REB 2 MntNow Mt Nowa Nowa,,,
218,146.6500,146.0500,0.600 MHz,MINUS,FM,VK3REG 2 MntCan ,None,-,,,2.5,,,,,,,,,,,,,,1,,,,,,,,,,,,,,,,,VK3REG 2 MntCan Mt Cann,,,
219,147.1500,147.7500,0.600 MHz,PLUS,FM,VK3REM 2 MarHil ,None,-,,,2.5,,,,,,,,,,,,,,1,,,,,,,,,,,,,,,,,VK3REM 2 MarHil Maramingo Hill,,,
220,146.8750,146.2750,0.600 MHz,MINUS,FM,VK3RGH 2 GreenH ,T Sql,91.5,,,2.5,,,,,,,,,,,,,,1,,,,,,,,,,,,,,,,,VK3RGH 2 GreenH Green Hill,,,
221,147.0250,147.6250,0.600 MHz,PLUS,FM,VK3RGS 2 - Mt Fa,T Sql,123,,,2.5,,,,,,,,,,,,,,1,,,,,,,,,,,,,,,,,VK3RGS 2 - Mt Fatigue,,,
222,146.6500,146.0500,0.600 MHz,MINUS,FM,VK3RGV 2 Wombat ,T Sql,123,,,2.5,,,,,,,,,,,,,,1,,,,,,,,,,,,,,,,,VK3RGV 2 Wombat Mt Wombat,,,
223,147.0500,147.6500,0.600 MHz,PLUS,FM,VK3RHO 2 Hotham ,None,-,,,2.5,,,,,,,,,,,,,,1,,,,,,,,,,,,,,,,,VK3RHO 2 Hotham Mt Hotham,,,
224,146.8000,146.2000,0.600 MHz,MINUS,FM,VK3RLV 2 Tassie ,None,-,,,2.5,,,,,,,,,,,,,,1,,,,,,,,,,,,,,,,,VK3RLV 2 Tassie Mt Tassie,,,
225,146.8000,146.2000,0.600 MHz,MINUS,FM,VK3RMA 2 Mildra ,None,-,,,2.5,,,,,,,,,,,,,,1,,,,,,,,,,,,,,,,,VK3RMA 2 Mildra Mildura city,,,
226,147.0250,147.6250,0.600 MHz,PLUS,FM,VK3RMK 2 Kerang ,None,-,,,2.5,,,,,,,,,,,,,,1,,,,,,,,,,,,,,,,,VK3RMK 2 Kerang Mt Kerang,,,
227,147.2750,147.8750,0.600 MHz,PLUS,FM,VK3RMP 2 Caveat ,T Sql,91.5,,,2.5,,,,,,,,,,,,,,1,,,,,,,,,,,,,,,,,VK3RMP 2 Caveat Caveat,,,
228,147.0000,146.4000,0.600 MHz,MINUS,FM,VK3RNE 2 BigBen ,None,-,,,2.5,,,,,,,,,,,,,,1,,,,,,,,,,,,,,,,,VK3RNE 2 BigBen Mt Big Ben,,,
229,146.7000,146.1000,0.600 MHz,MINUS,FM,VK3RON 2 Ouyen O,None,-,,,2.5,,,,,,,,,,,,,,1,,,,,,,,,,,,,,,,,VK3RON 2 Ouyen Ouyen,,,
230,147.2750,147.8750,0.600 MHz,PLUS,FM,VK3ROW 2 BeechF ,T Sql,91.5,,,2.5,,,,,,,,,,,,,,1,,,,,,,,,,,,,,,,,VK3ROW 2 BeechF Beech Forest,,,
231,147.1000,147.7000,0.600 MHz,PLUS,FM,VK3RPB 2 Bright ,None,-,,,2.5,,,,,,,,,,,,,,1,,,,,,,,,,,,,,,,,VK3RPB 2 Bright Mt Porepunkah,,,
232,146.8250,146.2250,0.600 MHz,MINUS,FM,VK3RPL 2 Portld ,T Sql,91.5,,,2.5,,,,,,,,,,,,,,1,,,,,,,,,,,,,,,,,VK3RPL 2 Portld Portland,,,
233,147.1000,147.7000,0.600 MHz,PLUS,FM,VK3RSG 2 BassH B,None,-,,,2.5,,,,,,,,,,,,,,1,,,,,,,,,,,,,,,,,VK3RSG 2 BassH Bass Hill,,,
234,146.9000,146.3000,0.600 MHz,MINUS,FM,VK3RSH 2 SwanHl ,None,-,,,2.5,,,,,,,,,,,,,,1,,,,,,,,,,,,,,,,,VK3RSH 2 SwanHl Swan Hill,,,
235,147.0500,147.6500,0.600 MHz,PLUS,FM,VK3RVL 2 RobinV ,None,-,,,2.5,,,,,,,,,,,,,,1,,,,,,,,,,,,,,,,,VK3RVL 2 RobinV Robinvale,,,
236,147.1000,147.7000,0.600 MHz,PLUS,FM,VK3RWA 2 BenNev ,T Sql,91.5,,,2.5,,,,,,,,,,,,,,1,,,,,,,,,,,,,,,,,VK3RWA 2 BenNev Ben Nevis,,,
237,147.2250,147.8250,0.600 MHz,PLUS,FM,VK3RWG 2 BawSq M,None,-,,,2.5,,,,,,,,,,,,,,1,,,,,,,,,,,,,,,,,VK3RWG 2 BawSq Mt Baw Baw,,,
238,147.0500,147.6500,0.600 MHz,PLUS,FM,VK3RWL 2 Warnum ,None,-,,,2.5,,,,,,,,,,,,,,1,,,,,,,,,,,,,,,,,VK3RWL 2 Warnum Mt Warrnambool,,,
239,146.8500,146.2500,0.600 MHz,MINUS,FM,VK3RWM 2 Arapls ,None,-,,,2.5,,,,,,,,,,,,,,1,,,,,,,,,,,,,,,,,VK3RWM 2 Arapls Mt Arapiles,,,
240,146.9500,146.3500,0.600 MHz,MINUS,FM,VK3RWZ 2 Wiliam ,T Sql,91.5,,,2.5,,,,,,,,,,,,,,1,,,,,,,,,,,,,,,,,VK3RWZ 2 Wiliam Mt William,,,
241,439.2750,434.2750,5.000 MHz,MINUS,FM,VK3RBA 7 Bunyng ,T Sql,91.5,,,2.5,,,,,,,,,,,,,,1,,,,,,,,,,,,,,,,,VK3RBA 7 Bunyng Mt Buninyong,,,
242,439.8250,434.8250,5.000 MHz,MINUS,FM,VK3RBL 7 - Bambi,None,-,,,2.5,,,,,,,,,,,,,,1,,,,,,,,,,,,,,,,,VK3RBL 7 - Bambill South,,,
243,438.3500,433.3500,5.000 MHz,MINUS,FM,VK3RBN 7 - Burru,T Sql,91.5,,,2.5,,,,,,,,,,,,,,1,,,,,,,,,,,,,,,,,VK3RBN 7 - Burrumbeet,,,
244,438.0250,433.0250,5.000 MHz,MINUS,FM,VK3RBO 7 - Speci,None,-,,,2.5,,,,,,,,,,,,,,1,,,,,,,,,,,,,,,,,VK3RBO 7 - Specimen Hill,,,
245,439.7000,434.7000,5.000 MHz,MINUS,FM,VK3RBP 7 - Horsh,T Sql,91.5,,,2.5,,,,,,,,,,,,,,1,,,,,,,,,,,,,,,,,VK3RBP 7 - Horsham,,,
246,438.4750,433.4750,5.000 MHz,MINUS,FM,VK3RBU 7 - Mt Ho,T Sql,91.5,,,2.5,,,,,,,,,,,,,,1,,,,,,,,,,,,,,,,,VK3RBU 7 - Mt Hollowback,,,
247,438.0250,433.0250,5.000 MHz,MINUS,FM,VK3RCP 7 - Ouyen,None,-,,,2.5,,,,,,,,,,,,,,1,,,,,,,,,,,,,,,,,VK3RCP 7 - Ouyen,,,
248,438.4250,433.4250,5.000 MHz,MINUS,FM,VK3RCU 7 - Mt Mo,None,-,,,2.5,,,,,,,,,,,,,,1,,,,,,,,,,,,,,,,,VK3RCU 7 - Mt Moliagul,,,
249,438.0750,433.0750,5.000 MHz,MINUS,FM,VK3RDU 7 Major M,None,-,,,2.5,,,,,,,,,,,,,,1,,,,,,,,,,,,,,,,,VK3RDU 7 Major Mt Major,,,
250,439.8750,434.8750,5.000 MHz,MINUS,FM,VK3RDUA7 Major M,None,-,,,2.5,,,,,,,,,,,,,,1,,,,,,,,,,,,,,,,,VK3RDUA7 Major Mt Major,,,
251,438.0250,433.0250,5.000 MHz,MINUS,FM,VK3REG 7 MntCan ,None,-,,,2.5,,,,,,,,,,,,,,1,,,,,,,,,,,,,,,,,VK3REG 7 MntCan Mt Cann,,,
252,439.3250,434.3250,5.000 MHz,MINUS,FM,VK3RGH 7 GreenH ,T Sql,91.5,,,2.5,,,,,,,,,,,,,,1,,,,,,,,,,,,,,,,,VK3RGH 7 GreenH Green Hill,,,
253,438.3750,433.3750,5.000 MHz,MINUS,FM,VK3RGS 7 - Mt Fa,None,-,,,2.5,,,,,,,,,,,,,,1,,,,,,,,,,,,,,,,,VK3RGS 7 - Mt Fatigue,,,
254,439.7750,434.7750,5.000 MHz,MINUS,FM,VK3RGV 7 Wombat ,T Sql,123,,,2.5,,,,,,,,,,,,,,1,,,,,,,,,,,,,,,,,VK3RGV 7 Wombat Mt Wombat,,,
255,438.3750,433.3750,5.000 MHz,MINUS,FM,VK3RHO 7 Hotham ,None,-,,,2.5,,,,,,,,,,,,,,1,,,,,,,,,,,,,,,,,VK3RHO 7 Hotham Mt Hotham,,,
256,438.1250,433.1250,5.000 MHz,MINUS,FM,VK3RLE 7 - Paps,None,-,,,2.5,,,,,,,,,,,,,,1,,,,,,,,,,,,,,,,,VK3RLE 7 - Paps,,,
257,438.3750,433.3750,5.000 MHz,MINUS,FM,VK3RLV 7 Tassie ,None,-,,,2.5,,,,,,,,,,,,,,1,,,,,,,,,,,,,,,,,VK3RLV 7 Tassie Mt Tassie,,,
258,439.9500,434.9500,5.000 MHz,MINUS,FM,VK3RMG 7 - Mt Br,None,-,,,2.5,,,,,,,,,,,,,,1,,,,,,,,,,,,,,,,,VK3RMG 7 - Mt Broughton,,,
259,439.3500,434.3500,5.000 MHz,MINUS,FM,VK3RMP 7 Caveat ,T Sql,91.5,,,2.5,,,,,,,,,,,,,,1,,,,,,,,,,,,,,,,,VK3RMP 7 Caveat Caveat,,,
260,439.4250,434.4250,5.000 MHz,MINUS,FM,VK3RNE 7 BigBen ,None,-,,,2.5,,,,,,,,,,,,,,1,,,,,,,,,,,,,,,,,VK3RNE 7 BigBen Mt Big Ben,,,
261,438.5250,433.5250,5.000 MHz,MINUS,FM,VK3RNU 7 - Mt St,None,-,,,2.5,,,,,,,,,,,,,,1,,,,,,,,,,,,,,,,,VK3RNU 7 - Mt Stanley,,,
262,439.9500,434.9500,5.000 MHz,MINUS,FM,VK3RPL 7 Portld ,T Sql,91.5,,,2.5,,,,,,,,,,,,,,1,,,,,,,,,,,,,,,,,VK3RPL 7 Portld Portland,,,
263,438.5250,433.5250,5.000 MHz,MINUS,FM,VK3RRU 7 - Merbe,None,-,,,2.5,,,,,,,,,,,,,,1,,,,,,,,,,,,,,,,,VK3RRU 7 - Merbein,,,
264,439.5250,434.5250,5.000 MHz,MINUS,FM,VK3RTU 7 MntTay ,None,-,,,2.5,,,,,,,,,,,,,,1,,,,,,,,,,,,,,,,,VK3RTU 7 MntTay Mt Taylor,,,
265,438.1750,433.1750,5.000 MHz,MINUS,FM,VK3RUG 7 - Devil,None,-,,,2.5,,,,,,,,,,,,,,1,,,,,,,,,,,,,,,,,VK3RUG 7 - Devil's River,,,
266,438.5750,433.5750,5.000 MHz,MINUS,FM,VK3RWD 7 - Droui,T Sql,91.5,,,2.5,,,,,,,,,,,,,,1,,,,,,,,,,,,,,,,,VK3RWD 7 - Drouin,,,
267,438.3750,433.3750,5.000 MHz,MINUS,FM,VK3RWG 7 BawSq M,None,-,,,2.5,,,,,,,,,,,,,,1,,,,,,,,,,,,,,,,,VK3RWG 7 BawSq Mt Baw Baw,,,
268,439.8750,434.8750,5.000 MHz,MINUS,FM,VK3RWL 7 Warnum ,None,-,,,2.5,,,,,,,,,,,,,,1,,,,,,,,,,,,,,,,,VK3RWL 7 Warnum Mt Warrnambool,,,
269,438.6750,433.6750,5.000 MHz,MINUS,FM,VK3RWU 7 - Mt Wi,T Sql,91.5,,,2.5,,,,,,,,,,,,,,1,,,,,,,,,,,,,,,,,VK3RWU 7 - Mt William,,,
270,439.6750,434.6750,5.000 MHz,MINUS,FM,VK3RZU 7 - Mt Bu,None,-,,,2.5,,,,,,,,,,,,,,1,,,,,,,,,,,,,,,,,VK3RZU 7 - Mt Buller,,,
271,147.1500,147.7500,0.600 MHz,PLUS,FM,VK4RAG 2 - Sprin,None,-,,,2.5,,,,,,,,,,,,,,,1,,,,,,,,,,,,,,,,VK4RAG 2 - Spring Hill,,,
272,146.9000,146.3000,0.600 MHz,MINUS,FM,VK4RAI 2 - The K,None,-,,,2.5,,,,,,,,,,,,,,,1,,,,,,,,,,,,,,,,VK4RAI 2 - The Knobby,,,
273,147.0750,147.6750,0.600 MHz,PLUS,FM,VK4RAX 2 - Mt Co,None,-,,,2.5,,,,,,,,,,,,,,,1,,,,,,,,,,,,,,,,VK4RAX 2 - Mt Cotton,,,
274,147.0000,146.4000,0.600 MHz,MINUS,FM,VK4RBN 2 - Mt Gl,T Sql,91.5,,,2.5,,,,,,,,,,,,,,,1,,,,,,,,,,,,,,,,VK4RBN 2 - Mt Glorious,,,
275,146.9500,146.3500,0.600 MHz,MINUS,FM,VK4RBQ 2 - Mt Co,T Sql,91.5,,,2.5,,,,,,,,,,,,,,,1,,,,,,,,,,,,,,,,VK4RBQ 2 - Mt Coot-tha,,,
276,147.9500,147.3500,0.600 MHz,MINUS,FM,VK4RBR 2 - Mt Gr,None,-,,,2.5,,,,,,,,,,,,,,,1,,,,,,,,,,,,,,,,VK4RBR 2 - Mt Gravatt,,,
277,146.8750,146.2750,0.600 MHz,MINUS,FM,VK4RBS 2 - Alexa,None,-,,,2.5,,,,,,,,,,,,,,,1,,,,,,,,,,,,,,,,VK4RBS 2 - Alexandra Hills,,,
278,147.8000,147.2000,0.600 MHz,MINUS,FM,VK4RBT 2 - Mt Ta,None,-,,,2.5,,,,,,,,,,,,,,,1,,,,,,,,,,,,,,,,VK4RBT 2 - Mt Tambourine,,,
279,146.7000,146.1000,0.600 MHz,MINUS,FM,VK4RGC 2 - Sprin,T Sql,123,,,2.5,,,,,,,,,,,,,,,1,,,,,,,,,,,,,,,,VK4RGC 2 - Springbrook,,,
280,146.7250,146.1250,0.600 MHz,MINUS,FM,VK4RKP 2 - Mt Cr,None,-,,,2.5,,,,,,,,,,,,,,,1,,,,,,,,,,,,,,,,VK4RKP 2 - Mt Crosby,,,
281,147.6250,147.0250,0.600 MHz,MINUS,FM,VK4RLB 2 - Woodr,None,-,,,2.5,,,,,,,,,,,,,,,1,,,,,,,,,,,,,,,,VK4RLB 2 - Woodridge,,,
282,146.9750,146.3750,0.600 MHz,MINUS,FM,VK4RLW 2 - Sprin,T Sql,91.5,,,2.5,,,,,,,,,,,,,,,1,,,,,,,,,,,,,,,,VK4RLW 2 - Spring Mtn,,,
283,147.1750,147.7750,0.600 MHz,PLUS,FM,VK4RWM 2 - North,None,-,,,2.5,,,,,,,,,,,,,,,1,,,,,,,,,,,,,,,,VK4RWM 2 - North Ipswich,,,
284,438.6250,433.6250,5.000 MHz,MINUS,FM,VK4RAG 7 - Sprin,None,-,,,2.5,,,,,,,,,,,,,,,1,,,,,,,,,,,,,,,,VK4RAG 7 - Spring Hill,,,
285,439.3250,434.3250,5.000 MHz,MINUS,FM,VK4RAI 7 - The K,T Sql,91.5,,,2.5,,,,,,,,,,,,,,,1,,,,,,,,,,,,,,,,VK4RAI 7 - The Knobby,,,
286,439.9500,434.9500,5.000 MHz,MINUS,FM,VK4RBA 7 - Sunny,T Sql,123,,,2.5,,,,,,,,,,,,,,,1,,,,,,,,,,,,,,,,VK4RBA 7 - Sunnybank,,,
287,439.3000,434.3000,5.000 MHz,MINUS,FM,VK4RBQ 7 - Mt Co,None,-,,,2.5,,,,,,,,,,,,,,,1,,,,,,,,,,,,,,,,VK4RBQ 7 - Mt Coot-Tha,,,
288,438.2750,433.2750,5.000 MHz,MINUS,FM,VK4RBR 7 - Mt Gr,None,-,,,2.5,,,,,,,,,,,,,,,1,,,,,,,,,,,,,,,,VK4RBR 7 - Mt Gravatt,,,
289,439.7250,434.7250,5.000 MHz,MINUS,FM,VK4RBS 7 - Alexa,T Sql,91.5,,,2.5,,,,,,,,,,,,,,,1,,,,,,,,,,,,,,,,VK4RBS 7 - Alexandra Hills,,,
290,438.4250,433.4250,5.000 MHz,MINUS,FM,VK4RBX 7 - The K,T Sql,123,,,2.5,,,,,,,,,,,,,,,1,,,,,,,,,,,,,,,,VK4RBX 7 - The Knobby,,,
291,438.6000,433.6000,5.000 MHz,MINUS,FM,VK4RGC 7 - Sprin,T Sql,123,,,2.5,,,,,,,,,,,,,,,1,,,,,,,,,,,,,,,,VK4RGC 7 - Springbrook,,,
292,438.7500,433.7500,5.000 MHz,MINUS,FM,VK4RLB 7 - Woodr,None,-,,,2.5,,,,,,,,,,,,,,,1,,,,,,,,,,,,,,,,VK4RLB 7 - Woodridge,,,
293,438.5000,433.5000,5.000 MHz,MINUS,FM,VK4RLW 7 - Sprin,T Sql,91.5,,,2.5,,,,,,,,,,,,,,,1,,,,,,,,,,,,,,,,VK4RLW 7 - Spring Mtn,,,
294,439.3000,434.3000,5.000 MHz,MINUS,FM,VK4RSM 7 - Sprin,T Sql,91.5,,,2.5,,,,,,,,,,,,,,,1,,,,,,,,,,,,,,,,VK4RSM 7 - Spring Mtn,,,
295,438.3750,433.3750,5.000 MHz,MINUS,FM,VK4RWM 7 - North,T Sql,91.5,,,2.5,,,,,,,,,,,,,,,1,,,,,,,,,,,,,,,,VK4RWM 7 - North Ipswich,,,
296,439.9250,434.9250,5.000 MHz,MINUS,FM,VK4RWMA7 - North,T Sql,91.5,,,2.5,,,,,,,,,,,,,,,1,,,,,,,,,,,,,,,,VK4RWMA7 - North Ipswich,,,
297,438.1000,433.1000,5.000 MHz,MINUS,FM,VK4RZA 7 - Sprin,T Sql,91.5,,,2.5,,,,,,,,,,,,,,,1,,,,,,,,,,,,,,,,VK4RZA 7 - Springbrook,,,
298,438.2000,433.2000,5.000 MHz,MINUS,FM,VK4RZB 7 - Mt Co,T Sql,91.5,,,2.5,,,,,,,,,,,,,,,1,,,,,,,,,,,,,,,,VK4RZB 7 - Mt Coot-tha,,,
299,146.7000,146.1000,0.600 MHz,MINUS,FM,VK4RAR 2 - Mt Ar,T Sql,91.5,,,2.5,,,,,,,,,,,,,,,,1,,,,,,,,,,,,,,,VK4RAR 2 - Mt Archer,,,
300,146.8750,146.2750,0.600 MHz,MINUS,FM,VK4RAS 2 - Carbo,None,-,,,2.5,,,,,,,,,,,,,,,,1,,,,,,,,,,,,,,,VK4RAS 2 - Carborough Range,,,
301,146.7000,146.1000,0.600 MHz,MINUS,FM,VK4RAT 2 - Mt St,None,-,,,2.5,,,,,,,,,,,,,,,,1,,,,,,,,,,,,,,,VK4RAT 2 - Mt Stuart,,,
302,146.9500,146.3500,0.600 MHz,MINUS,FM,VK4RBD 2 - Black,T Sql,91.5,,,2.5,,,,,,,,,,,,,,,,1,,,,,,,,,,,,,,,VK4RBD 2 - Blackdown Tableland,,,
303,147.8000,147.2000,0.600 MHz,MINUS,FM,VK4RBG 2 - The H,None,-,,,2.5,,,,,,,,,,,,,,,,1,,,,,,,,,,,,,,,VK4RBG 2 - The Hummock,,,
304,146.7750,146.1750,0.600 MHz,MINUS,FM,VK4RBM 2 - Blue ,T Sql,91.5,,,2.5,,,,,,,,,,,,,,,,1,,,,,,,,,,,,,,,VK4RBM 2 - Blue Mtn,,,
305,147.1000,147.7000,0.600 MHz,PLUS,FM,VK4RBP 2 - Butch,None,-,,,2.5,,,,,,,,,,,,,,,,1,,,,,,,,,,,,,,,VK4RBP 2 - Butchers Creek,,,
306,146.8000,146.2000,0.600 MHz,MINUS,FM,VK4RBU 2 MtGoon ,None,-,,,2.5,,,,,,,,,,,,,,,,1,,,,,,,,,,,,,,,VK4RBU 2 MtGoon Mt Goonaneman,,,
307,146.9500,146.3500,0.600 MHz,MINUS,FM,VK4RCA 2 - Mt Ha,None,-,,,2.5,,,,,,,,,,,,,,,,1,,,,,,,,,,,,,,,VK4RCA 2 - Mt Haren,,,
308,146.6250,146.0250,0.600 MHz,MINUS,FM,VK4RCC 2 - Caboo,None,-,,,2.5,,,,,,,,,,,,,,,,1,,,,,,,,,,,,,,,VK4RCC 2 - Caboolture,,,
309,146.7250,146.1250,0.600 MHz,MINUS,FM,VK4RCM 2 GymSth ,T Sql,91.5,,,2.5,,,,,,,,,,,,,,,,1,,,,,,,,,,,,,,,VK4RCM 2 GymSth Mt Boulder,,,
310,147.0000,146.4000,0.600 MHz,MINUS,FM,VK4RCQ 2 - Banan,None,-,,,2.5,,,,,,,,,,,,,,,,1,,,,,,,,,,,,,,,VK4RCQ 2 - Banana Range,,,
311,146.8250,146.2250,0.600 MHz,MINUS,FM,VK4RCR 2 - Braes,None,-,,,2.5,,,,,,,,,,,,,,,,1,,,,,,,,,,,,,,,VK4RCR 2 - Braeside,,,
312,146.7500,146.1500,0.600 MHz,MINUS,FM,VK4RDD 2 - O'Rou,None,-,,,2.5,,,,,,,,,,,,,,,,1,,,,,,,,,,,,,,,VK4RDD 2 - O'Rourke's House,,,
313,147.2500,147.8500,0.600 MHz,PLUS,FM,VK4RED 2 - Dalby,None,-,,,2.5,,,,,,,,,,,,,,,,1,,,,,,,,,,,,,,,VK4RED 2 - Dalby,,,
314,146.9500,146.3500,0.600 MHz,MINUS,FM,VK4REG 2 - Mt Mo,T Sql,91.5,,,2.5,,,,,,,,,,,,,,,,1,,,,,,,,,,,,,,,VK4REG 2 - Mt Mowbullan,,,
315,147.0750,147.6750,0.600 MHz,PLUS,FM,VK4REP 2 - Middl,None,-,,,2.5,,,,,,,,,,,,,,,,1,,,,,,,,,,,,,,,VK4REP 2 - Middlemount,,,
316,146.6750,146.0750,0.600 MHz,MINUS,FM,VK4RET 2 - Mt Ki,T Sql,91.5,,,2.5,,,,,,,,,,,,,,,,1,,,,,,,,,,,,,,,VK4RET 2 - Mt Kiangarow,,,
317,146.9000,146.3000,0.600 MHz,MINUS,FM,VK4RGA 2 - Kroom,T Sql,91.5,,,2.5,,,,,,,,,,,,,,,,1,,,,,,,,,,,,,,,VK4RGA 2 - Kroombit Tops,,,
318,147.3750,147.9750,0.600 MHz,PLUS,FM,VK4RGAA2 - Kroom,T Sql,91.5,,,2.5,,,,,,,,,,,,,,,,1,,,,,,,,,,,,,,,VK4RGAA2 - Kroombit Tops,,,
319,146.6250,146.0250,0.600 MHz,MINUS,FM,VK4RGT 2 - Mauri,T Sql,91.5,,,2.5,,,,,,,,,,,,,,,,1,,,,,,,,,,,,,,,VK4RGT 2 - Maurice Hill,,,
320,146.7750,146.1750,0.600 MHz,MINUS,FM,VK4RGY 2 Gympie ,None,-,,,2.5,,,,,,,,,,,,,,,,1,,,,,,,,,,,,,,,VK4RGY 2 Gympie Gympie,,,
321,146.6500,146.0500,0.600 MHz,MINUS,FM,VK4RHB 2 - Ghost,None,-,,,2.5,,,,,,,,,,,,,,,,1,,,,,,,,,,,,,,,VK4RHB 2 - Ghost Hill,,,
322,146.9250,146.3250,0.600 MHz,MINUS,FM,VK4RHR 2 - Hodgs,None,-,,,2.5,,,,,,,,,,,,,,,,1,,,,,,,,,,,,,,,VK4RHR 2 - Hodgson Range,,,
323,146.6750,146.0750,0.600 MHz,MINUS,FM,VK4RHT 2 - Hann ,None,-,,,2.5,,,,,,,,,,,,,,,,1,,,,,,,,,,,,,,,VK4RHT 2 - Hann Tableland,,,
324,145.6250,145.6250,0.000 MHz,PLUS,FM,VK4RKC 2 - Ocean,None,-,,,2.5,,,,,,,,,,,,,,,,1,,,,,,,,,,,,,,,VK4RKC 2 - Oceanview,,,
325,147.9000,147.3000,0.600 MHz,MINUS,FM,VK4RKCA2 - Ocean,None,-,,,2.5,,,,,,,,,,,,,,,,1,,,,,,,,,,,,,,,VK4RKCA2 - Oceanview,,,
326,146.7000,146.1000,0.600 MHz,MINUS,FM,VK4RMI 2 - Four ,None,-,,,2.5,,,,,,,,,,,,,,,,1,,,,,,,,,,,,,,,VK4RMI 2 - Four Mile Hill,,,
327,147.0000,146.4000,0.600 MHz,MINUS,FM,VK4RMK 2 - Mt Bl,None,-,,,2.5,,,,,,,,,,,,,,,,1,,,,,,,,,,,,,,,VK4RMK 2 - Mt Blackwood,,,
328,147.1250,147.7250,0.600 MHz,PLUS,FM,VK4RMM 2 - Stant,None,-,,,2.5,,,,,,,,,,,,,,,,1,,,,,,,,,,,,,,,VK4RMM 2 - Stanthorpe,,,
329,146.8000,146.2000,0.600 MHz,MINUS,FM,VK4RMP 2 - Midge,None,-,,,2.5,,,,,,,,,,,,,,,,1,,,,,,,,,,,,,,,VK4RMP 2 - Midge Point,,,
330,147.2750,147.8750,0.600 MHz,PLUS,FM,VK4RNL 2 - Doona,None,-,,,2.5,,,,,,,,,,,,,,,,1,,,,,,,,,,,,,,,VK4RNL 2 - Doonan,,,
331,146.6500,146.0500,0.600 MHz,MINUS,FM,VK4ROM 2 - Graft,None,-,,,2.5,,,,,,,,,,,,,,,,1,,,,,,,,,,,,,,,VK4ROM 2 - Grafton Range,,,
332,146.7500,146.1500,0.600 MHz,MINUS,FM,VK4RPU 2 - Mt Pe,None,-,,,2.5,,,,,,,,,,,,,,,,1,,,,,,,,,,,,,,,VK4RPU 2 - Mt Perry,,,
333,146.9250,146.3250,0.600 MHz,MINUS,FM,VK4RRC 2 - Wamur,None,-,,,2.5,,,,,,,,,,,,,,,,1,,,,,,,,,,,,,,,VK4RRC 2 - Wamuran,,,
334,146.9750,146.3750,0.600 MHz,MINUS,FM,VK4RRR 2 - Mt Se,None,-,,,2.5,,,,,,,,,,,,,,,,1,,,,,,,,,,,,,,,VK4RRR 2 - Mt Seaview,,,
335,146.6750,146.0750,0.600 MHz,MINUS,FM,VK4RSA 2 - Sarin,None,-,,,2.5,,,,,,,,,,,,,,,,1,,,,,,,,,,,,,,,VK4RSA 2 - Sarina,,,
336,146.8500,146.2500,0.600 MHz,MINUS,FM,VK4RSC 2 - Wilke,T Sql,91.5,,,2.5,,,,,,,,,,,,,,,,1,,,,,,,,,,,,,,,VK4RSC 2 - Wilkes Knob,,,
337,146.8250,146.2250,0.600 MHz,MINUS,FM,VK4RSL 2 - Noosa,T Sql,91.5,,,2.5,,,,,,,,,,,,,,,,1,,,,,,,,,,,,,,,VK4RSL 2 - Noosa Heads,,,
338,146.8250,146.2250,0.600 MHz,MINUS,FM,VK4RSP 2 - Rodda,None,-,,,2.5,,,,,,,,,,,,,,,,1,,,,,,,,,,,,,,,VK4RSP 2 - Roddas Lookout,,,
339,438.2250,433.2250,5.000 MHz,MINUS,FM,VK4RAR 7 - Mt Ar,T Sql,91.5,,,2.5,,,,,,,,,,,,,,,,1,,,,,,,,,,,,,,,VK4RAR 7 - Mt Archer,,,
340,438.2250,433.2250,5.000 MHz,MINUS,FM,VK4RAT 7 - Mt St,T Sql,91.5,,,2.5,,,,,,,,,,,,,,,,1,,,,,,,,,,,,,,,VK4RAT 7 - Mt Stuart,,,
341,439.9000,434.9000,5.000 MHz,MINUS,FM,VK4RBK 7 - Tolga,None,-,,,2.5,,,,,,,,,,,,,,,,1,,,,,,,,,,,,,,,VK4RBK 7 - Tolga,,,
342,439.3000,434.3000,5.000 MHz,MINUS,FM,VK4RBM 7 - Blue ,None,-,,,2.5,,,,,,,,,,,,,,,,1,,,,,,,,,,,,,,,VK4RBM 7 - Blue Mtn,,,
343,439.7750,434.7750,5.000 MHz,MINUS,FM,VK4RBP 7 - Butch,None,-,,,2.5,,,,,,,,,,,,,,,,1,,,,,,,,,,,,,,,VK4RBP 7 - Butchers Creek,,,
344,439.9250,434.9250,5.000 MHz,MINUS,FM,VK4RBPA7 - Butch,None,-,,,2.5,,,,,,,,,,,,,,,,1,,,,,,,,,,,,,,,VK4RBPA7 - Butchers Creek,,,
345,438.7750,433.7750,5.000 MHz,MINUS,FM,VK4RBU 7 MtGoon ,None,-,,,2.5,,,,,,,,,,,,,,,,1,,,,,,,,,,,,,,,VK4RBU 7 MtGoon Mt Goonaneman,,,
346,439.7750,434.7750,5.000 MHz,MINUS,FM,VK4RBW 7 BundaN ,None,-,,,2.5,,,,,,,,,,,,,,,,1,,,,,,,,,,,,,,,VK4RBW 7 BundaN Watalgan,,,
347,439.8500,434.8500,5.000 MHz,MINUS,FM,VK4RCA 7 - Cairn,None,-,,,2.5,,,,,,,,,,,,,,,,1,,,,,,,,,,,,,,,VK4RCA 7 - Cairns,,,
348,439.8750,434.8750,5.000 MHz,MINUS,FM,VK4RCQ 7 - Banan,None,-,,,2.5,,,,,,,,,,,,,,,,1,,,,,,,,,,,,,,,VK4RCQ 7 - Banana Range,,,
349,439.2750,434.2750,5.000 MHz,MINUS,FM,VK4RDD 7 - O'Rou,None,-,,,2.5,,,,,,,,,,,,,,,,1,,,,,,,,,,,,,,,VK4RDD 7 - O'Rourke's House,,,
350,438.6500,433.6500,5.000 MHz,MINUS,FM,VK4REG 7 - Mt Mo,T Sql,91.5,,,2.5,,,,,,,,,,,,,,,,1,,,,,,,,,,,,,,,VK4REG 7 - Mt Mowbullan,,,
351,438.7000,433.7000,5.000 MHz,MINUS,FM,VK4RET 7 - Mt Ki,T Sql,91.5,,,2.5,,,,,,,,,,,,,,,,1,,,,,,,,,,,,,,,VK4RET 7 - Mt Kiangarow,,,
352,439.8000,434.8000,5.000 MHz,MINUS,FM,VK4RGL 7 - Lady ,T Sql,91.5,,,2.5,,,,,,,,,,,,,,,,1,,,,,,,,,,,,,,,VK4RGL 7 - Lady Larcom,,,
353,438.0500,433.0500,5.000 MHz,MINUS,FM,VK4RGT 7 - Mauri,None,-,,,2.5,,,,,,,,,,,,,,,,1,,,,,,,,,,,,,,,VK4RGT 7 - Maurice Hill,,,
354,439.9500,434.9500,5.000 MHz,MINUS,FM,VK4RGY 7 Gympie ,None,-,,,2.5,,,,,,,,,,,,,,,,1,,,,,,,,,,,,,,,VK4RGY 7 Gympie Gympie,,,
355,438.5000,433.5000,5.000 MHz,MINUS,FM,VK4RHR 7 - Hodgs,None,-,,,2.5,,,,,,,,,,,,,,,,1,,,,,,,,,,,,,,,VK4RHR 7 - Hodgson Range,,,
356,439.3750,434.3750,5.000 MHz,MINUS,FM,VK4RNL 7 - Doona,None,-,,,2.5,,,,,,,,,,,,,,,,1,,,,,,,,,,,,,,,VK4RNL 7 - Doonan,,,
357,438.7500,433.7500,5.000 MHz,MINUS,FM,VK4RPU 7 - Mt Pe,None,-,,,2.5,,,,,,,,,,,,,,,,1,,,,,,,,,,,,,,,VK4RPU 7 - Mt Perry,,,
358,438.3250,433.3250,5.000 MHz,MINUS,FM,VK4RRC 7 - Wamur,T Sql,91.5,,,2.5,,,,,,,,,,,,,,,,1,,,,,,,,,,,,,,,VK4RRC 7 - Wamuran,,,
359,439.6250,434.6250,5.000 MHz,MINUS,FM,VK4RSA 7 - Sarin,None,-,,,2.5,,,,,,,,,,,,,,,,1,,,,,,,,,,,,,,,VK4RSA 7 - Sarina,,,
360,438.0750,433.0750,5.000 MHz,MINUS,FM,VK4RSC 7 - Wilke,T Sql,91.5,,,2.5,,,,,,,,,,,,,,,,1,,,,,,,,,,,,,,,VK4RSC 7 - Wilkes Knob,,,
361,438.1750,433.1750,5.000 MHz,MINUS,FM,VK4RSL 7 - Noosa,T Sql,91.5,,,2.5,,,,,,,,,,,,,,,,1,,,,,,,,,,,,,,,VK4RSL 7 - Noosa Heads,,,
362,438.5750,433.5750,5.000 MHz,MINUS,FM,VK4RSS 7 - Ocean,T Sql,91.5,,,2.5,,,,,,,,,,,,,,,,1,,,,,,,,,,,,,,,VK4RSS 7 - Ocean View,,,
363,438.0250,433.0250,5.000 MHz,MINUS,FM,VK4RTQ 7 - Mt Ky,T Sql,91.5,,,2.5,,,,,,,,,,,,,,,,1,,,,,,,,,,,,,,,VK4RTQ 7 - Mt Kynoch,,,
364,438.6750,433.6750,5.000 MHz,MINUS,FM,VK4RWS 7 - Nebo,T Sql,91.5,,,2.5,,,,,,,,,,,,,,,,1,,,,,,,,,,,,,,,VK4RWS 7 - Nebo,,,
365,439.9000,434.9000,5.000 MHz,MINUS,FM,VK4RXZ 7 - Malen,None,-,,,2.5,,,,,,,,,,,,,,,,1,,,,,,,,,,,,,,,VK4RXZ 7 - Maleny,,,
366,438.1250,433.1250,5.000 MHz,MINUS,FM,VK4RZC 7 - Wilke,T Sql,91.5,,,2.5,,,,,,,,,,,,,,,,1,,,,,,,,,,,,,,,VK4RZC 7 - Wilkes Knob,,,
367,438.0500,433.0500,5.000 MHz,MINUS,FM,VK4RZD 7 - Mt Pe,T Sql,91.5,,,2.5,,,,,,,,,,,,,,,,1,,,,,,,,,,,,,,,VK4RZD 7 - Mt Perseverance,,,
368,146.7500,146.1500,0.600 MHz,MINUS,FM,VK5RAC 2 - Pilla,None,-,,,2.5,,,,,,,,,,,,,,,,,1,,,,,,,,,,,,,,VK5RAC 2 - Pillaworta Hill,,,
369,147.0000,146.4000,0.600 MHz,MINUS,FM,VK5RAD 2 - Crafe,None,-,,,2.5,,,,,,,,,,,,,,,,,1,,,,,,,,,,,,,,VK5RAD 2 - Crafers,,,
370,146.9750,146.3750,0.600 MHz,MINUS,FM,VK5RAE 2 - Mt Ar,None,-,,,2.5,,,,,,,,,,,,,,,,,1,,,,,,,,,,,,,,VK5RAE 2 - Mt Arden,,,
371,146.7750,146.1750,0.600 MHz,MINUS,FM,VK5RAH 2 - Lobet,None,-,,,2.5,,,,,,,,,,,,,,,,,1,,,,,,,,,,,,,,VK5RAH 2 - Lobethal,,,
372,146.7250,146.1250,0.600 MHz,MINUS,FM,VK5RBK 2 - Mt Ba,None,-,,,2.5,,,,,,,,,,,,,,,,,1,,,,,,,,,,,,,,VK5RBK 2 - Mt Barker,,,
373,147.3500,147.9500,0.600 MHz,PLUS,FM,VK5RBT 2 - Willa,None,-,,,2.5,,,,,,,,,,,,,,,,,1,,,,,,,,,,,,,,VK5RBT 2 - Willalooka,,,
374,146.8250,146.2250,0.600 MHz,MINUS,FM,VK5RBV 2 - Mt Ki,None,-,,,2.5,,,,,,,,,,,,,,,,,1,,,,,,,,,,,,,,VK5RBV 2 - Mt Kitchener,,,
375,146.8000,146.2000,0.600 MHz,MINUS,FM,VK5REP 2 - Coola,None,-,,,2.5,,,,,,,,,,,,,,,,,1,,,,,,,,,,,,,,VK5REP 2 - Coolanie,,,
376,146.8500,146.2500,0.600 MHz,MINUS,FM,VK5RHO 2 - Anste,None,-,,,2.5,,,,,,,,,,,,,,,,,1,,,,,,,,,,,,,,VK5RHO 2 - Anstey Hill,,,
377,147.3750,147.9750,0.600 MHz,PLUS,FM,VK5RKN 2 Kingst ,None,-,,,2.5,,,,,,,,,,,,,,,,,1,,,,,,,,,,,,,,VK5RKN 2 Kingst Mt Benson,,,
378,147.3250,147.9250,0.600 MHz,PLUS,FM,VK5RLD 2 - Mooro,None,-,,,2.5,,,,,,,,,,,,,,,,,1,,,,,,,,,,,,,,VK5RLD 2 - Moorook,,,
379,146.9250,146.3250,0.600 MHz,MINUS,FM,VK5RLH 2 - Bumbu,None,-,,,2.5,,,,,,,,,,,,,,,,,1,,,,,,,,,,,,,,VK5RLH 2 - Bumbunga Hill,,,
380,146.6250,146.0250,0.600 MHz,MINUS,FM,VK5RLZ 2 - Eliza,None,-,,,2.5,,,,,,,,,,,,,,,,,1,,,,,,,,,,,,,,VK5RLZ 2 - Elizabeth,,,
381,146.8750,146.2750,0.600 MHz,MINUS,FM,VK5RMB 2 - Mt Be,None,-,,,2.5,,,,,,,,,,,,,,,,,1,,,,,,,,,,,,,,VK5RMB 2 - Mt Beevor,,,
382,146.9000,146.3000,0.600 MHz,MINUS,FM,VK5RMG 2 MtgVHF ,None,-,,,2.5,,,,,,,,,,,,,,,,,1,,,,,,,,,,,,,,VK5RMG 2 MtgVHF The Bluff,,,
383,146.7000,146.1000,0.600 MHz,MINUS,FM,VK5RMN 2 - The B,None,-,,,2.5,,,,,,,,,,,,,,,,,1,,,,,,,,,,,,,,VK5RMN 2 - The Bluff,,,
384,146.6500,146.0500,0.600 MHz,MINUS,FM,VK5RNC 2 Ncte Na,None,-,,,2.5,,,,,,,,,,,,,,,,,1,,,,,,,,,,,,,,VK5RNC 2 Ncte Naracoorte,,,
385,29.6200,147.6750,118.055 MHz,PLUS,FM,VK5RSC 2 - Mt Te,T Sql,141.3,,,2.5,,,,,,,,,,,,,,,,,1,,,,,,,,,,,,,,VK5RSC 2 - Mt Terrible,,,
386,146.8000,146.2000,0.600 MHz,MINUS,FM,VK5RSE 2 MtGrah ,None,-,,,2.5,,,,,,,,,,,,,,,,,1,,,,,,,,,,,,,,VK5RSE 2 MtGrah Mt Graham,,,
387,146.6750,146.0750,0.600 MHz,MINUS,FM,VK5RSV 2 - Willu,None,-,,,2.5,,,,,,,,,,,,,,,,,1,,,,,,,,,,,,,,VK5RSV 2 - Willunga Hill,,,
388,439.8500,434.8500,5.000 MHz,MINUS,FM,VK5RAC 7 - Pilla,None,-,,,2.5,,,,,,,,,,,,,,,,,1,,,,,,,,,,,,,,VK5RAC 7 - Pillaworta Hill,,,
389,439.9250,434.9250,5.000 MHz,MINUS,FM,VK5RAD 7 - Crafe,None,-,,,2.5,,,,,,,,,,,,,,,,,1,,,,,,,,,,,,,,VK5RAD 7 - Crafers,,,
390,439.8000,434.8000,5.000 MHz,MINUS,FM,VK5RBV 7 - Mt Ki,None,-,,,2.5,,,,,,,,,,,,,,,,,1,,,,,,,,,,,,,,VK5RBV 7 - Mt Kitchener,,,
391,438.3250,433.3250,5.000 MHz,MINUS,FM,VK5RCT 7 - Moont,T Sql,91.5,,,2.5,,,,,,,,,,,,,,,,,1,,,,,,,,,,,,,,VK5RCT 7 - Moonta,,,
392,439.8750,434.8750,5.000 MHz,MINUS,FM,VK5RHO 7 - Anste,None,-,,,2.5,,,,,,,,,,,,,,,,,1,,,,,,,,,,,,,,VK5RHO 7 - Anstey Hill,,,
393,439.9750,434.9750,5.000 MHz,MINUS,FM,VK5RLZ 7 - Eliza,T Sql,91.5,,,2.5,,,,,,,,,,,,,,,,,1,,,,,,,,,,,,,,VK5RLZ 7 - Elizabeth,,,
394,439.9500,434.9500,5.000 MHz,MINUS,FM,VK5ROC 7 - Lower,None,-,,,2.5,,,,,,,,,,,,,,,,,1,,,,,,,,,,,,,,VK5ROC 7 - Lower Light,,,
395,439.8250,434.8250,5.000 MHz,MINUS,FM,VK5ROH 7 MtgUHF ,None,-,,,2.5,,,,,,,,,,,,,,,,,1,,,,,,,,,,,,,,VK5ROH 7 MtgUHF Blue Lake,,,
396,438.0250,433.0250,5.000 MHz,MINUS,FM,VK5RSA 7 AdlCBD ,None,-,,,2.5,,,,,,,,,,,,,,,,,1,,,,,,,,,,,,,,VK5RSA 7 AdlCBD Adelaide CBD,,,
397,439.9000,434.9000,5.000 MHz,MINUS,FM,VK5RSB 7 Sumtwn ,T Sql,91.5,,,2.5,,,,,,,,,,,,,,,,,1,,,,,,,,,,,,,,VK5RSB 7 Sumtwn Summertown,,,
398,439.8250,434.8250,5.000 MHz,MINUS,FM,VK5RSC 7 - Mt Te,None,-,,,2.5,,,,,,,,,,,,,,,,,1,,,,,,,,,,,,,,VK5RSC 7 - Mt Terrible,,,
399,146.8250,146.2250,0.600 MHz,MINUS,FM,VK6RAA 2 MtBark ,None,-,,,2.5,,,,,,,,,,,,,,,,,,1,,,,,,,,,,,,,VK6RAA 2 MtBark Mt Barker,,,
400,147.0000,146.4000,0.600 MHz,MINUS,FM,VK6RAK 2 Kal Kal,None,-,,,2.5,,,,,,,,,,,,,,,,,,1,,,,,,,,,,,,,VK6RAK 2 Kal Kalgoorlie,,,
401,146.7250,146.1250,0.600 MHz,MINUS,FM,VK6RAL 2 Albany ,None,-,,,2.5,,,,,,,,,,,,,,,,,,1,,,,,,,,,,,,,VK6RAL 2 Albany Mt Clarence,,,
402,146.7000,146.1000,0.600 MHz,MINUS,FM,VK6RAP 2 PerSE1 ,None,-,,,2.5,,,,,,,,,,,,,,,,,,1,,,,,,,,,,,,,VK6RAP 2 PerSE1 Roleystone,,,
403,147.2750,147.8750,0.600 MHz,PLUS,FM,VK6RAV 2 - Hoddy,None,-,,,2.5,,,,,,,,,,,,,,,,,,1,,,,,,,,,,,,,VK6RAV 2 - Hoddy Well,,,
404,147.0000,146.4000,0.600 MHz,MINUS,FM,VK6RAW 2 Katnng ,None,-,,,2.5,,,,,,,,,,,,,,,,,,1,,,,,,,,,,,,,VK6RAW 2 Katnng Fairfield,,,
405,147.3500,147.9500,0.600 MHz,PLUS,FM,VK6RBN 2 Busltn ,None,-,,,2.5,,,,,,,,,,,,,,,,,,1,,,,,,,,,,,,,VK6RBN 2 Busltn Chapman Hill,,,
406,146.6500,146.0500,0.600 MHz,MINUS,FM,VK6RBY 2 Bunbry ,None,-,,,2.5,,,,,,,,,,,,,,,,,,1,,,,,,,,,,,,,VK6RBY 2 Bunbry Harvey,,,
407,147.2000,147.8000,0.600 MHz,PLUS,FM,VK6RCT 2 Cataby ,None,-,,,2.5,,,,,,,,,,,,,,,,,,1,,,,,,,,,,,,,VK6RCT 2 Cataby Yandan Hill,,,
408,147.1750,147.7750,0.600 MHz,PLUS,FM,VK6REC 2 Avon C ,None,-,,,2.5,,,,,,,,,,,,,,,,,,1,,,,,,,,,,,,,VK6REC 2 Avon C Wooroloo,,,
409,146.8500,146.2500,0.600 MHz,MINUS,FM,VK6REX 2 Exmoth ,None,-,,,2.5,,,,,,,,,,,,,,,,,,1,,,,,,,,,,,,,VK6REX 2 Exmoth Exmouth,,,
410,146.9500,146.3500,0.600 MHz,MINUS,FM,VK6RFM 2 Bicton ,None,-,,,2.5,,,,,,,,,,,,,,,,,,1,,,,,,,,,,,,,VK6RFM 2 Bicton Attadale,,,
411,147.0000,146.4000,0.600 MHz,MINUS,FM,VK6RGN 2 Grldtn ,None,-,,,2.5,,,,,,,,,,,,,,,,,,1,,,,,,,,,,,,,VK6RGN 2 Grldtn Geraldton,,,
412,147.3250,147.9250,0.600 MHz,PLUS,FM,VK6RKN 2 Keller ,None,-,,,2.5,,,,,,,,,,,,,,,,,,1,,,,,,,,,,,,,VK6RKN 2 Keller Kellerberrin,,,
413,146.7500,146.1500,0.600 MHz,MINUS,FM,VK6RLM 2 PerSE2 ,None,-,,,2.5,,,,,,,,,,,,,,,,,,1,,,,,,,,,,,,,VK6RLM 2 PerSE2 Roleystone,,,
414,147.1500,147.7500,0.600 MHz,PLUS,FM,VK6RMJ 2 Manji M,None,-,,,2.5,,,,,,,,,,,,,,,,,,1,,,,,,,,,,,,,VK6RMJ 2 Manji Manjimup,,,
415,147.2500,147.8500,0.600 MHz,PLUS,FM,VK6RMS 2 MtSdbk ,None,-,,,2.5,,,,,,,,,,,,,,,,,,1,,,,,,,,,,,,,VK6RMS 2 MtSdbk Mt Saddleback,,,
416,146.9000,146.3000,0.600 MHz,MINUS,FM,VK6RMW 2 MtWilm ,None,-,,,2.5,,,,,,,,,,,,,,,,,,1,,,,,,,,,,,,,VK6RMW 2 MtWilm Mt William,,,
417,146.6250,146.0250,0.600 MHz,MINUS,FM,VK6RNC 2 PerNth ,None,-,,,2.5,,,,,,,,,,,,,,,,,,1,,,,,,,,,,,,,VK6RNC 2 PerNth Wanneroo,,,
418,146.6750,146.0750,0.600 MHz,MINUS,FM,VK6RNR 2 NthHmp ,None,-,,,2.5,,,,,,,,,,,,,,,,,,1,,,,,,,,,,,,,VK6RNR 2 NthHmp Northampton,,,
419,146.7750,146.1750,0.600 MHz,MINUS,FM,VK6ROO 2 Geldtn ,None,-,,,2.5,,,,,,,,,,,,,,,,,,1,,,,,,,,,,,,,VK6ROO 2 Geldtn Geraldton,,,
420,147.0750,147.6750,0.600 MHz,PLUS,FM,VK6ROT 2 Rotto R,None,-,,,2.5,,,,,,,,,,,,,,,,,,1,,,,,,,,,,,,,VK6ROT 2 Rotto Rottnest Is,,,
421,146.8000,146.2000,0.600 MHz,MINUS,FM,VK6RTH 2 PerNE T,None,-,,,2.5,,,,,,,,,,,,,,,,,,1,,,,,,,,,,,,,VK6RTH 2 PerNE Tic Hill,,,
422,146.6250,146.0250,0.600 MHz,MINUS,FM,VK6RTP 2 TomPrc ,None,-,,,2.5,,,,,,,,,,,,,,,,,,1,,,,,,,,,,,,,VK6RTP 2 TomPrc Tom Price,,,
423,146.7000,146.1000,0.600 MHz,MINUS,FM,VK6RWR 2 WickHm ,None,-,,,2.5,,,,,,,,,,,,,,,,,,1,,,,,,,,,,,,,VK6RWR 2 WickHm Wickham,,,
424,439.9500,434.9500,5.000 MHz,MINUS,FM,VK6RAA 7 MtBark ,None,-,,,2.5,,,,,,,,,,,,,,,,,,1,,,,,,,,,,,,,VK6RAA 7 MtBark Mt Barker,,,
425,439.9500,434.9500,5.000 MHz,MINUS,FM,VK6RAL 7 Albany ,None,-,,,2.5,,,,,,,,,,,,,,,,,,1,,,,,,,,,,,,,VK6RAL 7 Albany Albany,,,
426,439.8000,434.8000,5.000 MHz,MINUS,FM,VK6RAP 7 PerSE1 ,T Sql,123,,,2.5,,,,,,,,,,,,,,,,,,1,,,,,,,,,,,,,VK6RAP 7 PerSE1 Roleystone,,,
427,438.5250,433.5250,5.000 MHz,MINUS,FM,VK6RAV 7 - Hoddy,None,-,,,2.5,,,,,,,,,,,,,,,,,,1,,,,,,,,,,,,,VK6RAV 7 - Hoddy Well,,,
428,438.6750,433.6750,5.000 MHz,MINUS,FM,VK6RBN 7 Busltn ,None,-,,,2.5,,,,,,,,,,,,,,,,,,1,,,,,,,,,,,,,VK6RBN 7 Busltn Chapman Hill,,,
429,438.6500,433.6500,5.000 MHz,MINUS,FM,VK6RBY 7 Bunbry ,None,-,,,2.5,,,,,,,,,,,,,,,,,,1,,,,,,,,,,,,,VK6RBY 7 Bunbry Harvey,,,
430,438.5250,433.5250,5.000 MHz,MINUS,FM,VK6RCT 7 Cataby ,None,-,,,2.5,,,,,,,,,,,,,,,,,,1,,,,,,,,,,,,,VK6RCT 7 Cataby Yandan Hill,,,
431,438.1250,433.1250,5.000 MHz,MINUS,FM,VK6RGF 7 - Kalgo,None,-,,,2.5,,,,,,,,,,,,,,,,,,1,,,,,,,,,,,,,VK6RGF 7 - Kalgoorlie,,,
432,438.5250,433.5250,5.000 MHz,MINUS,FM,VK6RLM 7 PerSE2 ,None,-,,,2.5,,,,,,,,,,,,,,,,,,1,,,,,,,,,,,,,VK6RLM 7 PerSE2 Roleystone,,,
433,438.5250,433.5250,5.000 MHz,MINUS,FM,VK6RMS 7 - Boddi,None,-,,,2.5,,,,,,,,,,,,,,,,,,1,,,,,,,,,,,,,VK6RMS 7 - Boddington,,,
434,438.7250,433.7250,5.000 MHz,MINUS,FM,VK6RNA 7 - Wanne,T Sql,123,,,2.5,,,,,,,,,,,,,,,,,,1,,,,,,,,,,,,,VK6RNA 7 - Wanneroo,,,
435,439.9250,434.9250,5.000 MHz,MINUS,FM,VK6RNS 7 - White,None,-,,,2.5,,,,,,,,,,,,,,,,,,1,,,,,,,,,,,,,VK6RNS 7 - Whiteman Park,,,
436,439.7000,434.7000,5.000 MHz,MINUS,FM,VK6ROT 7 Rotto R,None,-,,,2.5,,,,,,,,,,,,,,,,,,1,,,,,,,,,,,,,VK6ROT 7 Rotto Rottnest Is,,,
437,438.2250,433.2250,5.000 MHz,MINUS,FM,VK6RTH 7 PerNE T,None,-,,,2.5,,,,,,,,,,,,,,,,,,1,,,,,,,,,,,,,VK6RTH 7 PerNE Tic Hill,,,
438,147.0000,146.4000,0.600 MHz,MINUS,FM,VK7RAA 2 - Mt Ba,None,-,,,2.5,,,,,,,,,,,,,,,,,,,1,,,,,,,,,,,,VK7RAA 2 - Mt Barrow,,,
439,147.3750,147.9750,0.600 MHz,PLUS,FM,VK7RAC 2 - Table,None,-,,,2.5,,,,,,,,,,,,,,,,,,,1,,,,,,,,,,,,VK7RAC 2 - Table Cape,,,
440,146.7000,146.1000,0.600 MHz,MINUS,FM,VK7RAD 2 - Queen,T Sql,141.3,,,2.5,,,,,,,,,,,,,,,,,,,1,,,,,,,,,,,,VK7RAD 2 - Queens Domain,,,
441,147.9750,147.3750,0.600 MHz,MINUS,FM,VK7RADA2 - Queen,T Sql,141.3,,,2.5,,,,,,,,,,,,,,,,,,,1,,,,,,,,,,,,VK7RADA2 - Queens Domain,,,
442,146.6500,146.0500,0.600 MHz,MINUS,FM,VK7RAF 2 - Mt Fa,T Sql,123,,,2.5,,,,,,,,,,,,,,,,,,,1,,,,,,,,,,,,VK7RAF 2 - Mt Faulkner,,,
443,146.8000,146.2000,0.600 MHz,MINUS,FM,VK7RAK 2 - Gageb,None,-,,,2.5,,,,,,,,,,,,,,,,,,,1,,,,,,,,,,,,VK7RAK 2 - Gagebrook,,,
444,147.3000,147.3000,0.000 MHz,PLUS,FM,VK7RBI 2 - Alonn,T Sql,114.8,,,2.5,,,,,,,,,,,,,,,,,,,1,,,,,,,,,,,,VK7RBI 2 - Alonnah,,,
445,147.8750,146.0750,1.800 MHz,MINUS,FM,VK7RCR 2 - Lenah,T Sql,123,,,2.5,,,,,,,,,,,,,,,,,,,1,,,,,,,,,,,,VK7RCR 2 - Lenah Valley,,,
446,146.9000,146.3000,0.600 MHz,MINUS,FM,VK7REC 2 - Snow ,None,-,,,2.5,,,,,,,,,,,,,,,,,,,1,,,,,,,,,,,,VK7REC 2 - Snow Hill,,,
447,146.8500,146.2500,0.600 MHz,MINUS,FM,VK7RHT 2 - Snug ,None,-,,,2.5,,,,,,,,,,,,,,,,,,,1,,,,,,,,,,,,VK7RHT 2 - Snug Tiers,,,
448,146.6250,146.0250,0.600 MHz,MINUS,FM,VK7RMD 2 - Mt Du,None,-,,,2.5,,,,,,,,,,,,,,,,,,,1,,,,,,,,,,,,VK7RMD 2 - Mt Duncan,,,
449,146.7500,146.1500,0.600 MHz,MINUS,FM,VK7RNW 2 - Ulver,None,-,,,2.5,,,,,,,,,,,,,,,,,,,1,,,,,,,,,,,,VK7RNW 2 - Ulverstone West,,,
450,146.7750,146.1750,0.600 MHz,MINUS,FM,VK7RTV 2 - Stowp,None,-,,,2.5,,,,,,,,,,,,,,,,,,,1,,,,,,,,,,,,VK7RTV 2 - Stowport,,,
451,147.0750,147.6750,0.600 MHz,PLUS,FM,VK7RWC 2 - Mt Re,T Sql,123,,,2.5,,,,,,,,,,,,,,,,,,,1,,,,,,,,,,,,VK7RWC 2 - Mt Read,,,
452,438.5500,433.5500,5.000 MHz,MINUS,FM,VK7RAB 7 - Mt Ar,None,-,,,2.5,,,,,,,,,,,,,,,,,,,1,,,,,,,,,,,,VK7RAB 7 - Mt Arthur,,,
453,438.6500,433.6500,5.000 MHz,MINUS,FM,VK7RAC 7 - Table,T Sql,141.3,,,2.5,,,,,,,,,,,,,,,,,,,1,,,,,,,,,,,,VK7RAC 7 - Table Cape,,,
454,438.5500,433.5500,5.000 MHz,MINUS,FM,VK7RAF 7 - Mt Fa,None,-,,,2.5,,,,,,,,,,,,,,,,,,,1,,,,,,,,,,,,VK7RAF 7 - Mt Faulkner,,,
455,438.7000,433.7000,5.000 MHz,MINUS,FM,VK7RAK 7 - Gageb,None,-,,,2.5,,,,,,,,,,,,,,,,,,,1,,,,,,,,,,,,VK7RAK 7 - Gagebrook,,,
456,439.9000,434.9000,5.000 MHz,MINUS,FM,VK7RAL 7 - Compa,T Sql,141.3,,,2.5,,,,,,,,,,,,,,,,,,,1,,,,,,,,,,,,VK7RAL 7 - Companion Hill,,,
457,438.0500,433.0500,5.000 MHz,MINUS,FM,VK7RBH 7 - Ben L,None,-,,,2.5,,,,,,,,,,,,,,,,,,,1,,,,,,,,,,,,VK7RBH 7 - Ben Lomond,,,
458,438.5750,433.5750,5.000 MHz,MINUS,FM,VK7RCH 7 - Grey ,T Sql,123,,,2.5,,,,,,,,,,,,,,,,,,,1,,,,,,,,,,,,VK7RCH 7 - Grey Mtn,,,
459,438.5250,433.5250,5.000 MHz,MINUS,FM,VK7RCR 7 - Lenah,T Sql,91.5,,,2.5,,,,,,,,,,,,,,,,,,,1,,,,,,,,,,,,VK7RCR 7 - Lenah Valley,,,
460,439.7750,434.7750,5.000 MHz,MINUS,FM,VK7RDR 7 - Dazzl,T Sql,91.5,,,2.5,,,,,,,,,,,,,,,,,,,1,,,,,,,,,,,,VK7RDR 7 - Dazzler Range,,,
461,439.7500,434.7500,5.000 MHz,MINUS,FM,VK7RDS 7 - Mt Ne,None,-,,,2.5,,,,,,,,,,,,,,,,,,,1,,,,,,,,,,,,VK7RDS 7 - Mt Nelson,,,
462,439.7000,434.7000,5.000 MHz,MINUS,FM,VK7REC 7 - Snow ,None,-,,,2.5,,,,,,,,,,,,,,,,,,,1,,,,,,,,,,,,VK7REC 7 - Snow Hill,,,
463,438.5000,433.5000,5.000 MHz,MINUS,FM,VK7RIN 7 - Barre,None,-,,,2.5,,,,,,,,,,,,,,,,,,,1,,,,,,,,,,,,VK7RIN 7 - Barren Tier,,,
464,438.6000,433.6000,5.000 MHz,MINUS,FM,VK7RMD 7 - Mt Du,T Sql,141.3,,,2.5,,,,,,,,,,,,,,,,,,,1,,,,,,,,,,,,VK7RMD 7 - Mt Duncan,,,
465,439.9500,434.9500,5.000 MHz,MINUS,FM,VK7RML 7 - Mt Ll,T Sql,141.3,,,2.5,,,,,,,,,,,,,,,,,,,1,,,,,,,,,,,,VK7RML 7 - Mt Lloyd,,,
466,439.8250,434.8250,5.000 MHz,MINUS,FM,VK7RTC 7 - Mt We,T Sql,91.5,,,2.5,,,,,,,,,,,,,,,,,,,1,,,,,,,,,,,,VK7RTC 7 - Mt Wellington,,,
467,146.9500,146.3500,0.600 MHz,MINUS,FM,VK8RCA 2 ASpr2 W,T Sql,91.5,,,2.5,,,,,,,,,,,,,,,,,1,,,,,,,,,,,,,,VK8RCA 2 ASpr2 West Gap,,,
468,146.9000,146.3000,0.600 MHz,MINUS,FM,VK8RDA 2 - Darwi,T Sql,123,,,2.5,,,,,,,,,,,,,,,,,1,,,,,,,,,,,,,,VK8RDA 2 - Darwin,,,
469,146.9500,146.3500,0.600 MHz,MINUS,FM,VK8RPD 2 - Moil,None,-,,,2.5,,,,,,,,,,,,,,,,,1,,,,,,,,,,,,,,VK8RPD 2 - Moil,,,
470,147.0000,146.4000,0.600 MHz,MINUS,FM,VK8RTE 2 - Larra,T Sql,123,,,2.5,,,,,,,,,,,,,,,,,1,,,,,,,,,,,,,,VK8RTE 2 - Larrakeyah,,,
471,146.8000,146.2000,0.600 MHz,MINUS,FM,VK8RWI 2 - Marra,T Sql,123,,,2.5,,,,,,,,,,,,,,,,,1,,,,,,,,,,,,,,VK8RWI 2 - Marrara,,,
472,438.2750,433.2750,5.000 MHz,MINUS,FM,VK8RDA 7 - Darwi,T Sql,91.5,,,2.5,,,,,,,,,,,,,,,,,1,,,,,,,,,,,,,,VK8RDA 7 - Darwin,,,
473,438.5250,433.5250,5.000 MHz,MINUS,FM,VK8RIT 7 ASpr70 ,T Sql,91.5,,,2.5,,,,,,,,,,,,,,,,,1,,,,,,,,,,,,,,VK8RIT 7 ASpr70 West Gap,,,
474,439.9750,434.9750,5.000 MHz,MINUS,FM,VK8RWI 7 - Marra,T Sql,91.5,,,2.5,,,,,,,,,,,,,,,,,1,,,,,,,,,,,,,,VK8RWI 7 - Marrara,,,
475,145.1750,145.1750,0.000 MHz,SIMPLEX,FM,APRSAU APRSAU ,None,-,,,2.5,,,,,,,,,,,,,,,,,,,,1,,,,,,,,,,,APRSAU APRSAU ,,,
476,145.2000,145.2000,0.000 MHz,SIMPLEX,FM,APRWIC Wicen ,None,-,,,2.5,,,,,,,,,,,,,,,,,,,,1,,,,,,,,,,,APRWIC Wicen ,,,
477,145.8250,145.8250,0.000 MHz,SIMPLEX,FM,APRISS APRISS ,None,-,,,2.5,,,,,,,,,,,,,,,,,,,,1,,,,,,,,,,,APRISS APRISS ,,,
478,144.9300,144.9300,0.000 MHz,SIMPLEX,FM,APRSAR APRSAR ,None,-,,,2.5,,,,,,,,,,,,,,,,,,,,1,,,,,,,,,,,APRSAR APRSAR ,,,
479,145.5750,145.5750,0.000 MHz,SIMPLEX,FM,APRSBR APRSBR ,None,-,,,2.5,,,,,,,,,,,,,,,,,,,,1,,,,,,,,,,,APRSBR APRSBR ,,,
480,144.6400,144.6400,0.000 MHz,SIMPLEX,FM,APRSCN APRSCN ,None,-,,,2.5,,,,,,,,,,,,,,,,,,,,1,,,,,,,,,,,APRSCN APRSCN ,,,
481,144.8000,144.8000,0.000 MHz,SIMPLEX,FM,APRSCR APRSCR ,None,-,,,2.5,,,,,,,,,,,,,,,,,,,,1,,,,,,,,,,,APRSCR APRSCR ,,,
482,144.8000,144.8000,0.000 MHz,SIMPLEX,FM,APRSEU APRSEU ,None,-,,,2.5,,,,,,,,,,,,,,,,,,,,1,,,,,,,,,,,APRSEU APRSEU ,,,
483,144.6600,144.6600,0.000 MHz,SIMPLEX,FM,APRSJP APRSJP ,None,-,,,2.5,,,,,,,,,,,,,,,,,,,,1,,,,,,,,,,,APRSJP APRSJP ,,,
484,144.6200,144.6200,0.000 MHz,SIMPLEX,FM,APRSKO APRSKO ,None,-,,,2.5,,,,,,,,,,,,,,,,,,,,1,,,,,,,,,,,APRSKO APRSKO ,,,
485,144.5750,144.5750,0.000 MHz,SIMPLEX,FM,APRSNZ APRSNZ ,None,-,,,2.5,,,,,,,,,,,,,,,,,,,,1,,,,,,,,,,,APRSNZ APRSNZ ,,,
486,144.5250,144.5250,0.000 MHz,SIMPLEX,FM,APRSTH APRSTH ,None,-,,,2.5,,,,,,,,,,,,,,,,,,,,1,,,,,,,,,,,APRSTH APRSTH ,,,
487,144.3900,144.3900,0.000 MHz,SIMPLEX,FM,APRSUS APRSUS ,None,-,,,2.5,,,,,,,,,,,,,,,,,,,,1,,,,,,,,,,,APRSUS APRSUS ,,,
488,145.0100,145.0100,0.000 MHz,SIMPLEX,FM,APRSVE APRSVE ,None,-,,,2.5,,,,,,,,,,,,,,,,,,,,1,,,,,,,,,,,APRSVE APRSVE ,,,
489,432.7125,432.7125,0.000 MHz,SIMPLEX,FM,S27125 S27125 SY,None,-,,,2.5,,,,,,,,,,,,1,,,,,,,,,,,,,,,,,,,S27125 S27125 SYDROZ 4327125,,,
490,147.0250,147.0250,0.000 MHz,SIMPLEX,FM,S7025 S7025 Padd,None,-,,,2.5,,,,,,,,,,,,1,,,,,,,,,,,,,,,,,,,S7025 S7025 Paddo 147025,,,
491,147.6250,147.6250,0.000 MHz,SIMPLEX,FM,S7625 S7625 Padd,None,-,,,2.5,,,,,,,,,,,,1,,,,,,,,,,,,,,,,,,,S7625 S7625 Paddo 147625,,,
492,438.1125,438.1125,0.000 MHz,SIMPLEX,FM,S81125 S81125 SY,None,-,,,2.5,,,,,,,,,,,,1,,,,,,,,,,,,,,,,,,,S81125 S81125 SYDROZ 4381125,,,
493,433.8000,433.8000,0.000 MHz,SIMPLEX,FM,W3800 W3800 Wice,None,-,,,2.5,,,,,,,,,,,,1,,,,,,,,,,,,,,,,,,,W3800 W3800 Wicen,,,
494,147.1250,147.1250,0.000 MHz,SIMPLEX,FM,W7125 W7125 Wice,None,-,,,2.5,,,,,,,,,,,,1,,,,,,,,,,,,,,,,,,,W7125 W7125 Wicen 7125 Out,,,
495,147.1500,147.1500,0.000 MHz,SIMPLEX,FM,W7150 W7150 Wice,None,-,,,2.5,,,,,,,,,,,,1,,,,,,,,,,,,,,,,,,,W7150 W7150 Wicen 7150 Out,,,
496,147.1750,147.1750,0.000 MHz,SIMPLEX,FM,W7175 W7175 Wice,None,-,,,2.5,,,,,,,,,,,,1,,,,,,,,,,,,,,,,,,,W7175 W7175 Wicen 7175 Out,,,
497,147.5000,147.5000,0.000 MHz,SIMPLEX,FM,W7500 W7750 Wice,None,-,,,2.5,,,,,,,,,,,,1,,,,,,,,,,,,,,,,,,,W7500 W7750 Wicen Simp,,,
498,147.7250,147.7250,0.000 MHz,SIMPLEX,FM,W7725 W7725 Wice,None,-,,,2.5,,,,,,,,,,,,1,,,,,,,,,,,,,,,,,,,W7725 W7725 Wicen 7125 Rev,,,
499,147.7500,147.7500,0.000 MHz,SIMPLEX,FM,W7750 W7750 Wice,None,-,,,2.5,,,,,,,,,,,,1,,,,,,,,,,,,,,,,,,,W7750 W7750 Wicen 7150 Rev,,,
500,147.7750,147.7750,0.000 MHz,SIMPLEX,FM,W7775 W7775 Wice,None,-,,,2.5,,,,,,,,,,,,1,,,,,,,,,,,,,,,,,,,W7775 W7775 Wicen 7175 Rev,,,
501,438.2750,438.2750,0.000 MHz,SIMPLEX,FM,W8275 W8275 Wice,None,-,,,2.5,,,,,,,,,,,,1,,,,,,,,,,,,,,,,,,,W8275 W8275 Wicen,,,
502,438.6250,438.6250,0.000 MHz,SIMPLEX,FM,W8625 W8625 Wice,None,-,,,2.5,,,,,,,,,,,,1,,,,,,,,,,,,,,,,,,,W8625 W8625 Wicen,,,
503,438.8000,438.8000,0.000 MHz,SIMPLEX,FM,W8800 W8800 Wice,None,-,,,2.5,,,,,,,,,,,,1,,,,,,,,,,,,,,,,,,,W8800 W8800 Wicen,,,
504,439.9250,439.9250,0.000 MHz,SIMPLEX,FM,W9925 W9925 Wice,None,-,,,2.5,,,,,,,,,,,,1,,,,,,,,,,,,,,,,,,,W9925 W9925 Wicen,,,
505,439.9750,439.9750,0.000 MHz,SIMPLEX,FM,W9975 W9975 Wice,None,-,,,2.5,,,,,,,,,,,,1,,,,,,,,,,,,,,,,,,,W9975 W9975 Wicen,,,
506,145.2000,145.2000,0.000 MHz,SIMPLEX,FM,WicenPkt WICENP ,None,-,,,2.5,,,,,,,,,,,,1,,,,,,,,,,,,,,,,,,,WicenPkt WICENP WICEN PKT,,,
507,147.1250,147.7250,0.600 MHz,PLUS,FM,VK1RWP 2 - porta,None,-,,,2.5,,,,,,,,,,,,1,,,,,,,,,,,,,,,,,,,VK1RWP 2 - portable,,,
508,147.1500,147.7500,0.600 MHz,PLUS,FM,VK1RWPA2 - porta,None,-,,,2.5,,,,,,,,,,,,1,,,,,,,,,,,,,,,,,,,VK1RWPA2 - portable,,,
509,147.1750,147.7750,0.600 MHz,PLUS,FM,VK1RWPB2 - porta,None,-,,,2.5,,,,,,,,,,,,1,,,,,,,,,,,,,,,,,,,VK1RWPB2 - portable,,,
510,147.1250,147.7250,0.600 MHz,PLUS,FM,VK2RAV 2 - porta,None,-,,,2.5,,,,,,,,,,,,1,,,,,,,,,,,,,,,,,,,VK2RAV 2 - portable,,,
511,147.1500,147.7500,0.600 MHz,PLUS,FM,VK2RAVA2 - porta,None,-,,,2.5,,,,,,,,,,,,1,,,,,,,,,,,,,,,,,,,VK2RAVA2 - portable,,,
512,147.1750,147.7750,0.600 MHz,PLUS,FM,VK2RAVB2 - porta,None,-,,,2.5,,,,,,,,,,,,1,,,,,,,,,,,,,,,,,,,VK2RAVB2 - portable,,,
513,147.1750,147.7750,0.600 MHz,PLUS,FM,VK2REP 2 - porta,None,-,,,2.5,,,,,,,,,,,,1,,,,,,,,,,,,,,,,,,,VK2REP 2 - portable,,,
514,147.1750,147.7750,0.600 MHz,PLUS,FM,VK2RFI 2 - porta,None,-,,,2.5,,,,,,,,,,,,1,,,,,,,,,,,,,,,,,,,VK2RFI 2 - portable,,,
515,439.9250,434.9250,5.000 MHz,MINUS,FM,VK1RWP 7 - porta,None,-,,,2.5,,,,,,,,,,,,1,,,,,,,,,,,,,,,,,,,VK1RWP 7 - portable,,,
516,439.9750,434.9750,5.000 MHz,MINUS,FM,VK1RWPA7 - porta,None,-,,,2.5,,,,,,,,,,,,1,,,,,,,,,,,,,,,,,,,VK1RWPA7 - portable,,,
517,439.9250,434.9250,5.000 MHz,MINUS,FM,VK2RAF 7 - porta,None,-,,,2.5,,,,,,,,,,,,1,,,,,,,,,,,,,,,,,,,VK2RAF 7 - portable,,,
518,439.8750,434.8750,5.000 MHz,MINUS,FM,VK2RAH 7 - porta,None,-,,,2.5,,,,,,,,,,,,1,,,,,,,,,,,,,,,,,,,VK2RAH 7 - portable,,,
519,439.5250,434.5250,5.000 MHz,MINUS,FM,VK2RAV 7 - porta,None,-,,,2.5,,,,,,,,,,,,1,,,,,,,,,,,,,,,,,,,VK2RAV 7 - portable,,,
520,439.6250,434.6250,5.000 MHz,MINUS,FM,VK2RFI 7 - porta,None,-,,,2.5,,,,,,,,,,,,1,,,,,,,,,,,,,,,,,,,VK2RFI 7 - portable,,,
521,146.9250,146.3250,0.600 MHz,MINUS,FM,VK3RPW 2 - porta,None,-,,,2.5,,,,,,,,,,,,1,,,,,,,,,,,,,,,,,,,VK3RPW 2 - portable,,,
522,146.9750,146.3750,0.600 MHz,MINUS,FM,VK3RSR 2 - porta,None,-,,,2.5,,,,,,,,,,,,1,,,,,,,,,,,,,,,,,,,VK3RSR 2 - portable,,,
523,146.9250,146.3250,0.600 MHz,MINUS,FM,VK3RWE 2 - porta,None,-,,,2.5,,,,,,,,,,,,1,,,,,,,,,,,,,,,,,,,VK3RWE 2 - portable,,,
524,147.3000,147.9000,0.600 MHz,PLUS,FM,VK3RWEA2 - porta,None,-,,,2.5,,,,,,,,,,,,1,,,,,,,,,,,,,,,,,,,VK3RWEA2 - portable,,,
525,146.9250,146.3250,0.600 MHz,MINUS,FM,VK3RWI 2 - porta,None,-,,,2.5,,,,,,,,,,,,1,,,,,,,,,,,,,,,,,,,VK3RWI 2 - portable,,,
526,146.9250,146.3250,0.600 MHz,MINUS,FM,VK3RWP 2 - porta,None,-,,,2.5,,,,,,,,,,,,1,,,,,,,,,,,,,,,,,,,VK3RWP 2 - portable,,,
527,147.3000,147.9000,0.600 MHz,PLUS,FM,VK3RWPA2 - porta,None,-,,,2.5,,,,,,,,,,,,1,,,,,,,,,,,,,,,,,,,VK3RWPA2 - portable,,,
528,146.9250,146.3250,0.600 MHz,MINUS,FM,VK3RWR 2 - porta,None,-,,,2.5,,,,,,,,,,,,1,,,,,,,,,,,,,,,,,,,VK3RWR 2 - portable,,,
529,147.3000,147.9000,0.600 MHz,PLUS,FM,VK3RWRA2 - porta,None,-,,,2.5,,,,,,,,,,,,1,,,,,,,,,,,,,,,,,,,VK3RWRA2 - portable,,,
530,438.2750,433.2750,5.000 MHz,MINUS,FM,VK3RPW 7 - porta,None,-,,,2.5,,,,,,,,,,,,1,,,,,,,,,,,,,,,,,,,VK3RPW 7 - portable,,,
531,438.6250,433.6250,5.000 MHz,MINUS,FM,VK3RPWA7 - porta,None,-,,,2.5,,,,,,,,,,,,1,,,,,,,,,,,,,,,,,,,VK3RPWA7 - portable,,,
532,439.9750,434.9750,5.000 MHz,MINUS,FM,VK3RSS 7 - porta,None,-,,,2.5,,,,,,,,,,,,1,,,,,,,,,,,,,,,,,,,VK3RSS 7 - portable,,,
533,438.2750,433.2750,5.000 MHz,MINUS,FM,VK3RWE 7 - porta,None,-,,,2.5,,,,,,,,,,,,1,,,,,,,,,,,,,,,,,,,VK3RWE 7 - portable,,,
534,438.6250,433.6250,5.000 MHz,MINUS,FM,VK3RWEA7 - porta,None,-,,,2.5,,,,,,,,,,,,1,,,,,,,,,,,,,,,,,,,VK3RWEA7 - portable,,,
535,438.2750,433.2750,5.000 MHz,MINUS,FM,VK3RWI 7 - porta,None,-,,,2.5,,,,,,,,,,,,1,,,,,,,,,,,,,,,,,,,VK3RWI 7 - portable,,,
536,438.6250,433.6250,5.000 MHz,MINUS,FM,VK3RWIA7 - porta,None,-,,,2.5,,,,,,,,,,,,1,,,,,,,,,,,,,,,,,,,VK3RWIA7 - portable,,,
537,438.6250,433.6250,5.000 MHz,MINUS,FM,VK3RWP 7 - porta,None,-,,,2.5,,,,,,,,,,,,1,,,,,,,,,,,,,,,,,,,VK3RWP 7 - portable,,,
538,439.9250,434.9250,5.000 MHz,MINUS,FM,VK3RWPA7 - porta,None,-,,,2.5,,,,,,,,,,,,1,,,,,,,,,,,,,,,,,,,VK3RWPA7 - portable,,,
539,439.9750,434.9750,5.000 MHz,MINUS,FM,VK3RWPB7 - porta,None,-,,,2.5,,,,,,,,,,,,1,,,,,,,,,,,,,,,,,,,VK3RWPB7 - portable,,,
540,438.2750,433.2750,5.000 MHz,MINUS,FM,VK3RWR 7 - porta,None,-,,,2.5,,,,,,,,,,,,1,,,,,,,,,,,,,,,,,,,VK3RWR 7 - portable,,,
541,438.6250,433.6250,5.000 MHz,MINUS,FM,VK3RWRA7 - porta,None,-,,,2.5,,,,,,,,,,,,1,,,,,,,,,,,,,,,,,,,VK3RWRA7 - portable,,,
542,147.1500,147.7500,0.600 MHz,PLUS,FM,VK4RWI 2 - porta,None,-,,,2.5,,,,,,,,,,,,1,,,,,,,,,,,,,,,,,,,VK4RWI 2 - portable,,,
543,438.6250,433.6250,5.000 MHz,MINUS,FM,VK4RWI 7 - porta,None,-,,,2.5,,,,,,,,,,,,1,,,,,,,,,,,,,,,,,,,VK4RWI 7 - portable,,,
544,147.2000,147.8000,0.600 MHz,PLUS,FM,VK5RBP 2 - porta,None,-,,,2.5,,,,,,,,,,,,,,,,,1,,,,,,,,,,,,,,VK5RBP 2 - portable,,,
545,147.3000,147.9000,0.600 MHz,PLUS,FM,VK5RWI 2 - porta,None,-,,,2.5,,,,,,,,,,,,,,,,,1,,,,,,,,,,,,,,VK5RWI 2 - portable,,,
546,438.2000,433.2000,5.000 MHz,MINUS,FM,VK5RBP 7 - porta,None,-,,,2.5,,,,,,,,,,,,,,,,,1,,,,,,,,,,,,,,VK5RBP 7 - portable,,,
547,146.8750,146.2750,0.600 MHz,MINUS,FM,VK6RIC 2 - porta,None,-,,,2.5,,,,,,,,,,,,,,,,,,1,,,,,,,,,,,,,VK6RIC 2 - portable,,,
548,147.0250,147.6250,0.600 MHz,PLUS,FM,VK6RPT 2 - porta,None,-,,,2.5,,,,,,,,,,,,,,,,,,1,,,,,,,,,,,,,VK6RPT 2 - portable,,,
549,147.6250,147.0250,0.600 MHz,MINUS,FM,VK6RPTA2 - porta,None,-,,,2.5,,,,,,,,,,,,,,,,,,1,,,,,,,,,,,,,VK6RPTA2 - portable,,,
550,146.9750,146.3750,0.600 MHz,MINUS,FM,VK6RSH 2 - porta,None,-,,,2.5,,,,,,,,,,,,,,,,,,1,,,,,,,,,,,,,VK6RSH 2 - portable,,,
551,439.9500,434.9500,5.000 MHz,MINUS,FM,VK6RAR 7 - porta,None,-,,,2.5,,,,,,,,,,,,,,,,,,1,,,,,,,,,,,,,VK6RAR 7 - portable,,,
552,438.0250,433.0250,5.000 MHz,MINUS,FM,VK6RPT 7 - porta,None,-,,,2.5,,,,,,,,,,,,,,,,,,1,,,,,,,,,,,,,VK6RPT 7 - portable,,,
553,441.1250,441.1250,0.000 MHz,SIMPLEX,DV,DV4Min 4 DV4C4F ,None,-,,,2.5,,,,,,,,,,,,,,,,,,,,,1,,,,,,,1,,,DV4Min 4 DV4C4F Sydney,,,
554,441.0750,441.0750,0.000 MHz,SIMPLEX,DV,VK2PSF 4 HRI200 ,None,-,,,2.5,,,,,,,,,,,,,,,,,,,,,1,,,,,,,1,,,VK2PSF 4 HRI200 Sydney,,,
